[debug] [2026-02-18T03:21:36.838Z] [Firebase Plugin] Activating Firebase extension.
[info] [Firebase Plugin] Checked firebase-tools, is up to date!
[debug] [2026-02-18T03:21:39.146Z] [Firebase Plugin] requireAuthWrapper
[debug] [2026-02-18T03:21:39.148Z] > command requires scopes: ["email","openid","https://www.googleapis.com/auth/cloudplatformprojects.readonly","https://www.googleapis.com/auth/firebase","https://www.googleapis.com/auth/cloud-platform"]
[debug] [2026-02-18T03:21:39.148Z] > authorizing via signed-in user (adryan@kxptech.net)
[debug] [2026-02-18T03:21:39.150Z] Checked if tokens are valid: false, expires at: 1771377662706
[debug] [2026-02-18T03:21:39.150Z] Checked if tokens are valid: false, expires at: 1771377662706
[debug] [2026-02-18T03:21:39.150Z] > refreshing access token with scopes: []
[debug] [2026-02-18T03:21:39.151Z] >>> [apiv2][query] POST https://www.googleapis.com/oauth2/v3/token [none]
[debug] [2026-02-18T03:21:39.151Z] >>> [apiv2][body] POST https://www.googleapis.com/oauth2/v3/token [omitted]
[debug] [2026-02-18T03:21:39.157Z] [Firebase Plugin] VSCode notification server listening on port 40001
[info] [Firebase Plugin] Starting Data Connect toolkit (version 3.1.1) on port 50001
[debug] [2026-02-18T03:21:39.419Z] 'fdc build' failed with error: Unable to build your Data Connect schema and connectors (exit code 1): E0218 00:21:39.410205   19652 cmd.go:43] Error loading data connect config: could not find dataconnect.yaml in `c:\Users\Adryan\Adryan\UFOP\ES1\Conecta-UFOP\dataconnect`
 {"metadata":{"emulator":{"name":"dataconnect"},"message":"'fdc build' failed with error: Unable to build your Data Connect schema and connectors (exit code 1): E0218 00:21:39.410205   19652 cmd.go:43] Error loading data connect config: could not find dataconnect.yaml in `c:\\Users\\Adryan\\Adryan\\UFOP\\ES1\\Conecta-UFOP\\dataconnect`\n"}}
[debug] [2026-02-18T03:21:39.420Z] Ignoring unsupported arg: auto_download {"metadata":{"emulator":{"name":"dataconnect"},"message":"Ignoring unsupported arg: auto_download"}}
[debug] [2026-02-18T03:21:39.420Z] Ignoring unsupported arg: port {"metadata":{"emulator":{"name":"dataconnect"},"message":"Ignoring unsupported arg: port"}}
[debug] [2026-02-18T03:21:39.420Z] Starting Data Connect Emulator with command {"binary":"C:\\Users\\Adryan\\.cache\\firebase\\emulators\\dataconnect-emulator-3.1.1.exe","args":["--logtostderr","-v=2","dev","--listen=localhost:50001","--config_dir=c:\\Users\\Adryan\\Adryan\\UFOP\\ES1\\Conecta-UFOP\\dataconnect","--enable_output_schema_extensions=true","--enable_output_generated_sdk=true"],"optionalArgs":["listen","config_dir","enable_output_schema_extensions","enable_output_generated_sdk"],"joinArgs":true,"shell":false,"port":9399} {"metadata":{"emulator":{"name":"dataconnect"},"message":"Starting Data Connect Emulator with command {\"binary\":\"C:\\\\Users\\\\Adryan\\\\.cache\\\\firebase\\\\emulators\\\\dataconnect-emulator-3.1.1.exe\",\"args\":[\"--logtostderr\",\"-v=2\",\"dev\",\"--listen=localhost:50001\",\"--config_dir=c:\\\\Users\\\\Adryan\\\\Adryan\\\\UFOP\\\\ES1\\\\Conecta-UFOP\\\\dataconnect\",\"--enable_output_schema_extensions=true\",\"--enable_output_generated_sdk=true\"],\"optionalArgs\":[\"listen\",\"config_dir\",\"enable_output_schema_extensions\",\"enable_output_generated_sdk\"],\"joinArgs\":true,\"shell\":false,\"port\":9399}"}}
[info] i  dataconnect: Data Connect Emulator logging to dataconnect-debug.log {"metadata":{"emulator":{"name":"dataconnect"},"message":"Data Connect Emulator logging to \u001b[1mdataconnect-debug.log\u001b[22m"}}
[debug] [2026-02-18T03:21:39.585Z] E0218 00:21:39.465397   38748 dev.go:83] Failed to load initial config from "c:\\Users\\Adryan\\Adryan\\UFOP\\ES1\\Conecta-UFOP\\dataconnect": could not find dataconnect.yaml in `c:\Users\Adryan\Adryan\UFOP\ES1\Conecta-UFOP\dataconnect`
E0218 00:21:39.500164   38748 watch.go:116] watchAllDir unable to walk dir `c:\Users\Adryan\Adryan\UFOP\ES1\Conecta-UFOP\dataconnect`: CreateFile c:\Users\Adryan\Adryan\UFOP\ES1\Conecta-UFOP\dataconnect: O sistema não pode encontrar o arquivo especificado.
I0218 00:21:39.518114   38748 dev.go:104] Listening on address (HTTP + gRPC): 127.0.0.1:50001
 {"metadata":{"emulator":{"name":"dataconnect"},"message":"E0218 00:21:39.465397   38748 dev.go:83] Failed to load initial config from \"c:\\\\Users\\\\Adryan\\\\Adryan\\\\UFOP\\\\ES1\\\\Conecta-UFOP\\\\dataconnect\": could not find dataconnect.yaml in `c:\\Users\\Adryan\\Adryan\\UFOP\\ES1\\Conecta-UFOP\\dataconnect`\nE0218 00:21:39.500164   38748 watch.go:116] watchAllDir unable to walk dir `c:\\Users\\Adryan\\Adryan\\UFOP\\ES1\\Conecta-UFOP\\dataconnect`: CreateFile c:\\Users\\Adryan\\Adryan\\UFOP\\ES1\\Conecta-UFOP\\dataconnect: O sistema não pode encontrar o arquivo especificado.\nI0218 00:21:39.518114   38748 dev.go:104] Listening on address (HTTP + gRPC): 127.0.0.1:50001\n"}}
[debug] [2026-02-18T03:21:39.674Z] <<< [apiv2][status] POST https://www.googleapis.com/oauth2/v3/token 200
[debug] [2026-02-18T03:21:39.674Z] <<< [apiv2][body] POST https://www.googleapis.com/oauth2/v3/token [omitted]
[debug] [2026-02-18T03:21:39.697Z] [Firebase Plugin] User found:  adryan@kxptech.net
[info] [Firebase Plugin] (Core:Project) New user detected, fetching projects
[debug] [2026-02-18T03:21:39.698Z] Checked if tokens are valid: true, expires at: 1771388498674
[debug] [2026-02-18T03:21:39.698Z] >>> [apiv2][query] GET https://firebase.googleapis.com/v1beta1/projects pageSize=1000
[error] [Firebase Plugin] error:  {}
[debug] [2026-02-18T03:21:41.082Z] <<< [apiv2][status] GET https://firebase.googleapis.com/v1beta1/projects 200
[debug] [2026-02-18T03:21:41.082Z] <<< [apiv2][body] GET https://firebase.googleapis.com/v1beta1/projects [omitted]
[debug] [2026-02-18T03:21:49.501Z] E0218 00:21:49.501149   38748 watch.go:40] Failed to load config from "c:\\Users\\Adryan\\Adryan\\UFOP\\ES1\\Conecta-UFOP\\dataconnect": could not find dataconnect.yaml in `c:\Users\Adryan\Adryan\UFOP\ES1\Conecta-UFOP\dataconnect`
 {"metadata":{"emulator":{"name":"dataconnect"},"message":"E0218 00:21:49.501149   38748 watch.go:40] Failed to load config from \"c:\\\\Users\\\\Adryan\\\\Adryan\\\\UFOP\\\\ES1\\\\Conecta-UFOP\\\\dataconnect\": could not find dataconnect.yaml in `c:\\Users\\Adryan\\Adryan\\UFOP\\ES1\\Conecta-UFOP\\dataconnect`\n"}}
[debug] [2026-02-18T03:21:59.500Z] E0218 00:21:59.500931   38748 watch.go:40] Failed to load config from "c:\\Users\\Adryan\\Adryan\\UFOP\\ES1\\Conecta-UFOP\\dataconnect": could not find dataconnect.yaml in `c:\Users\Adryan\Adryan\UFOP\ES1\Conecta-UFOP\dataconnect`
 {"metadata":{"emulator":{"name":"dataconnect"},"message":"E0218 00:21:59.500931   38748 watch.go:40] Failed to load config from \"c:\\\\Users\\\\Adryan\\\\Adryan\\\\UFOP\\\\ES1\\\\Conecta-UFOP\\\\dataconnect\": could not find dataconnect.yaml in `c:\\Users\\Adryan\\Adryan\\UFOP\\ES1\\Conecta-UFOP\\dataconnect`\n"}}
[debug] [2026-02-18T03:22:09.501Z] E0218 00:22:09.501364   38748 watch.go:40] Failed to load config from "c:\\Users\\Adryan\\Adryan\\UFOP\\ES1\\Conecta-UFOP\\dataconnect": could not find dataconnect.yaml in `c:\Users\Adryan\Adryan\UFOP\ES1\Conecta-UFOP\dataconnect`
 {"metadata":{"emulator":{"name":"dataconnect"},"message":"E0218 00:22:09.501364   38748 watch.go:40] Failed to load config from \"c:\\\\Users\\\\Adryan\\\\Adryan\\\\UFOP\\\\ES1\\\\Conecta-UFOP\\\\dataconnect\": could not find dataconnect.yaml in `c:\\Users\\Adryan\\Adryan\\UFOP\\ES1\\Conecta-UFOP\\dataconnect`\n"}}
[debug] [2026-02-18T03:22:19.501Z] E0218 00:22:19.501502   38748 watch.go:40] Failed to load config from "c:\\Users\\Adryan\\Adryan\\UFOP\\ES1\\Conecta-UFOP\\dataconnect": could not find dataconnect.yaml in `c:\Users\Adryan\Adryan\UFOP\ES1\Conecta-UFOP\dataconnect`
 {"metadata":{"emulator":{"name":"dataconnect"},"message":"E0218 00:22:19.501502   38748 watch.go:40] Failed to load config from \"c:\\\\Users\\\\Adryan\\\\Adryan\\\\UFOP\\\\ES1\\\\Conecta-UFOP\\\\dataconnect\": could not find dataconnect.yaml in `c:\\Users\\Adryan\\Adryan\\UFOP\\ES1\\Conecta-UFOP\\dataconnect`\n"}}
[debug] [2026-02-18T03:22:29.501Z] E0218 00:22:29.501572   38748 watch.go:40] Failed to load config from "c:\\Users\\Adryan\\Adryan\\UFOP\\ES1\\Conecta-UFOP\\dataconnect": could not find dataconnect.yaml in `c:\Users\Adryan\Adryan\UFOP\ES1\Conecta-UFOP\dataconnect`
 {"metadata":{"emulator":{"name":"dataconnect"},"message":"E0218 00:22:29.501572   38748 watch.go:40] Failed to load config from \"c:\\\\Users\\\\Adryan\\\\Adryan\\\\UFOP\\\\ES1\\\\Conecta-UFOP\\\\dataconnect\": could not find dataconnect.yaml in `c:\\Users\\Adryan\\Adryan\\UFOP\\ES1\\Conecta-UFOP\\dataconnect`\n"}}
[debug] [2026-02-18T03:22:39.501Z] E0218 00:22:39.501196   38748 watch.go:116] watchAllDir unable to walk dir `c:\Users\Adryan\Adryan\UFOP\ES1\Conecta-UFOP\dataconnect`: CreateFile c:\Users\Adryan\Adryan\UFOP\ES1\Conecta-UFOP\dataconnect: O sistema não pode encontrar o arquivo especificado.
E0218 00:22:39.501196   38748 watch.go:40] Failed to load config from "c:\\Users\\Adryan\\Adryan\\UFOP\\ES1\\Conecta-UFOP\\dataconnect": could not find dataconnect.yaml in `c:\Users\Adryan\Adryan\UFOP\ES1\Conecta-UFOP\dataconnect`
 {"metadata":{"emulator":{"name":"dataconnect"},"message":"E0218 00:22:39.501196   38748 watch.go:116] watchAllDir unable to walk dir `c:\\Users\\Adryan\\Adryan\\UFOP\\ES1\\Conecta-UFOP\\dataconnect`: CreateFile c:\\Users\\Adryan\\Adryan\\UFOP\\ES1\\Conecta-UFOP\\dataconnect: O sistema não pode encontrar o arquivo especificado.\nE0218 00:22:39.501196   38748 watch.go:40] Failed to load config from \"c:\\\\Users\\\\Adryan\\\\Adryan\\\\UFOP\\\\ES1\\\\Conecta-UFOP\\\\dataconnect\": could not find dataconnect.yaml in `c:\\Users\\Adryan\\Adryan\\UFOP\\ES1\\Conecta-UFOP\\dataconnect`\n"}}
[debug] [2026-02-18T03:22:49.501Z] E0218 00:22:49.501200   38748 watch.go:40] Failed to load config from "c:\\Users\\Adryan\\Adryan\\UFOP\\ES1\\Conecta-UFOP\\dataconnect": could not find dataconnect.yaml in `c:\Users\Adryan\Adryan\UFOP\ES1\Conecta-UFOP\dataconnect`
 {"metadata":{"emulator":{"name":"dataconnect"},"message":"E0218 00:22:49.501200   38748 watch.go:40] Failed to load config from \"c:\\\\Users\\\\Adryan\\\\Adryan\\\\UFOP\\\\ES1\\\\Conecta-UFOP\\\\dataconnect\": could not find dataconnect.yaml in `c:\\Users\\Adryan\\Adryan\\UFOP\\ES1\\Conecta-UFOP\\dataconnect`\n"}}
[debug] [2026-02-18T03:22:59.501Z] E0218 00:22:59.501149   38748 watch.go:40] Failed to load config from "c:\\Users\\Adryan\\Adryan\\UFOP\\ES1\\Conecta-UFOP\\dataconnect": could not find dataconnect.yaml in `c:\Users\Adryan\Adryan\UFOP\ES1\Conecta-UFOP\dataconnect`
 {"metadata":{"emulator":{"name":"dataconnect"},"message":"E0218 00:22:59.501149   38748 watch.go:40] Failed to load config from \"c:\\\\Users\\\\Adryan\\\\Adryan\\\\UFOP\\\\ES1\\\\Conecta-UFOP\\\\dataconnect\": could not find dataconnect.yaml in `c:\\Users\\Adryan\\Adryan\\UFOP\\ES1\\Conecta-UFOP\\dataconnect`\n"}}
[debug] [2026-02-18T03:23:09.501Z] E0218 00:23:09.501233   38748 watch.go:40] Failed to load config from "c:\\Users\\Adryan\\Adryan\\UFOP\\ES1\\Conecta-UFOP\\dataconnect": could not find dataconnect.yaml in `c:\Users\Adryan\Adryan\UFOP\ES1\Conecta-UFOP\dataconnect`
 {"metadata":{"emulator":{"name":"dataconnect"},"message":"E0218 00:23:09.501233   38748 watch.go:40] Failed to load config from \"c:\\\\Users\\\\Adryan\\\\Adryan\\\\UFOP\\\\ES1\\\\Conecta-UFOP\\\\dataconnect\": could not find dataconnect.yaml in `c:\\Users\\Adryan\\Adryan\\UFOP\\ES1\\Conecta-UFOP\\dataconnect`\n"}}
[debug] [2026-02-18T03:23:19.501Z] E0218 00:23:19.501289   38748 watch.go:40] Failed to load config from "c:\\Users\\Adryan\\Adryan\\UFOP\\ES1\\Conecta-UFOP\\dataconnect": could not find dataconnect.yaml in `c:\Users\Adryan\Adryan\UFOP\ES1\Conecta-UFOP\dataconnect`
 {"metadata":{"emulator":{"name":"dataconnect"},"message":"E0218 00:23:19.501289   38748 watch.go:40] Failed to load config from \"c:\\\\Users\\\\Adryan\\\\Adryan\\\\UFOP\\\\ES1\\\\Conecta-UFOP\\\\dataconnect\": could not find dataconnect.yaml in `c:\\Users\\Adryan\\Adryan\\UFOP\\ES1\\Conecta-UFOP\\dataconnect`\n"}}
[debug] [2026-02-18T03:23:29.501Z] E0218 00:23:29.501254   38748 watch.go:40] Failed to load config from "c:\\Users\\Adryan\\Adryan\\UFOP\\ES1\\Conecta-UFOP\\dataconnect": could not find dataconnect.yaml in `c:\Users\Adryan\Adryan\UFOP\ES1\Conecta-UFOP\dataconnect`
 {"metadata":{"emulator":{"name":"dataconnect"},"message":"E0218 00:23:29.501254   38748 watch.go:40] Failed to load config from \"c:\\\\Users\\\\Adryan\\\\Adryan\\\\UFOP\\\\ES1\\\\Conecta-UFOP\\\\dataconnect\": could not find dataconnect.yaml in `c:\\Users\\Adryan\\Adryan\\UFOP\\ES1\\Conecta-UFOP\\dataconnect`\n"}}
[debug] [2026-02-18T03:23:39.501Z] E0218 00:23:39.500942   38748 watch.go:116] watchAllDir unable to walk dir `c:\Users\Adryan\Adryan\UFOP\ES1\Conecta-UFOP\dataconnect`: CreateFile c:\Users\Adryan\Adryan\UFOP\ES1\Conecta-UFOP\dataconnect: O sistema não pode encontrar o arquivo especificado.
 {"metadata":{"emulator":{"name":"dataconnect"},"message":"E0218 00:23:39.500942   38748 watch.go:116] watchAllDir unable to walk dir `c:\\Users\\Adryan\\Adryan\\UFOP\\ES1\\Conecta-UFOP\\dataconnect`: CreateFile c:\\Users\\Adryan\\Adryan\\UFOP\\ES1\\Conecta-UFOP\\dataconnect: O sistema não pode encontrar o arquivo especificado.\n"}}
[debug] [2026-02-18T03:23:39.501Z] E0218 00:23:39.500942   38748 watch.go:40] Failed to load config from "c:\\Users\\Adryan\\Adryan\\UFOP\\ES1\\Conecta-UFOP\\dataconnect": could not find dataconnect.yaml in `c:\Users\Adryan\Adryan\UFOP\ES1\Conecta-UFOP\dataconnect`
 {"metadata":{"emulator":{"name":"dataconnect"},"message":"E0218 00:23:39.500942   38748 watch.go:40] Failed to load config from \"c:\\\\Users\\\\Adryan\\\\Adryan\\\\UFOP\\\\ES1\\\\Conecta-UFOP\\\\dataconnect\": could not find dataconnect.yaml in `c:\\Users\\Adryan\\Adryan\\UFOP\\ES1\\Conecta-UFOP\\dataconnect`\n"}}
[debug] [2026-02-18T03:23:49.501Z] E0218 00:23:49.501767   38748 watch.go:40] Failed to load config from "c:\\Users\\Adryan\\Adryan\\UFOP\\ES1\\Conecta-UFOP\\dataconnect": could not find dataconnect.yaml in `c:\Users\Adryan\Adryan\UFOP\ES1\Conecta-UFOP\dataconnect`
 {"metadata":{"emulator":{"name":"dataconnect"},"message":"E0218 00:23:49.501767   38748 watch.go:40] Failed to load config from \"c:\\\\Users\\\\Adryan\\\\Adryan\\\\UFOP\\\\ES1\\\\Conecta-UFOP\\\\dataconnect\": could not find dataconnect.yaml in `c:\\Users\\Adryan\\Adryan\\UFOP\\ES1\\Conecta-UFOP\\dataconnect`\n"}}
[debug] [2026-02-18T03:23:59.501Z] E0218 00:23:59.500885   38748 watch.go:40] Failed to load config from "c:\\Users\\Adryan\\Adryan\\UFOP\\ES1\\Conecta-UFOP\\dataconnect": could not find dataconnect.yaml in `c:\Users\Adryan\Adryan\UFOP\ES1\Conecta-UFOP\dataconnect`
 {"metadata":{"emulator":{"name":"dataconnect"},"message":"E0218 00:23:59.500885   38748 watch.go:40] Failed to load config from \"c:\\\\Users\\\\Adryan\\\\Adryan\\\\UFOP\\\\ES1\\\\Conecta-UFOP\\\\dataconnect\": could not find dataconnect.yaml in `c:\\Users\\Adryan\\Adryan\\UFOP\\ES1\\Conecta-UFOP\\dataconnect`\n"}}
[debug] [2026-02-18T03:24:09.501Z] E0218 00:24:09.501278   38748 watch.go:40] Failed to load config from "c:\\Users\\Adryan\\Adryan\\UFOP\\ES1\\Conecta-UFOP\\dataconnect": could not find dataconnect.yaml in `c:\Users\Adryan\Adryan\UFOP\ES1\Conecta-UFOP\dataconnect`
 {"metadata":{"emulator":{"name":"dataconnect"},"message":"E0218 00:24:09.501278   38748 watch.go:40] Failed to load config from \"c:\\\\Users\\\\Adryan\\\\Adryan\\\\UFOP\\\\ES1\\\\Conecta-UFOP\\\\dataconnect\": could not find dataconnect.yaml in `c:\\Users\\Adryan\\Adryan\\UFOP\\ES1\\Conecta-UFOP\\dataconnect`\n"}}
[debug] [2026-02-18T03:24:19.501Z] E0218 00:24:19.501345   38748 watch.go:40] Failed to load config from "c:\\Users\\Adryan\\Adryan\\UFOP\\ES1\\Conecta-UFOP\\dataconnect": could not find dataconnect.yaml in `c:\Users\Adryan\Adryan\UFOP\ES1\Conecta-UFOP\dataconnect`
 {"metadata":{"emulator":{"name":"dataconnect"},"message":"E0218 00:24:19.501345   38748 watch.go:40] Failed to load config from \"c:\\\\Users\\\\Adryan\\\\Adryan\\\\UFOP\\\\ES1\\\\Conecta-UFOP\\\\dataconnect\": could not find dataconnect.yaml in `c:\\Users\\Adryan\\Adryan\\UFOP\\ES1\\Conecta-UFOP\\dataconnect`\n"}}
[debug] [2026-02-18T03:24:29.501Z] E0218 00:24:29.501063   38748 watch.go:40] Failed to load config from "c:\\Users\\Adryan\\Adryan\\UFOP\\ES1\\Conecta-UFOP\\dataconnect": could not find dataconnect.yaml in `c:\Users\Adryan\Adryan\UFOP\ES1\Conecta-UFOP\dataconnect`
 {"metadata":{"emulator":{"name":"dataconnect"},"message":"E0218 00:24:29.501063   38748 watch.go:40] Failed to load config from \"c:\\\\Users\\\\Adryan\\\\Adryan\\\\UFOP\\\\ES1\\\\Conecta-UFOP\\\\dataconnect\": could not find dataconnect.yaml in `c:\\Users\\Adryan\\Adryan\\UFOP\\ES1\\Conecta-UFOP\\dataconnect`\n"}}
[debug] [2026-02-18T03:24:39.501Z] E0218 00:24:39.501302   38748 watch.go:40] Failed to load config from "c:\\Users\\Adryan\\Adryan\\UFOP\\ES1\\Conecta-UFOP\\dataconnect": could not find dataconnect.yaml in `c:\Users\Adryan\Adryan\UFOP\ES1\Conecta-UFOP\dataconnect`
E0218 00:24:39.501302   38748 watch.go:116] watchAllDir unable to walk dir `c:\Users\Adryan\Adryan\UFOP\ES1\Conecta-UFOP\dataconnect`: CreateFile c:\Users\Adryan\Adryan\UFOP\ES1\Conecta-UFOP\dataconnect: O sistema não pode encontrar o arquivo especificado.
 {"metadata":{"emulator":{"name":"dataconnect"},"message":"E0218 00:24:39.501302   38748 watch.go:40] Failed to load config from \"c:\\\\Users\\\\Adryan\\\\Adryan\\\\UFOP\\\\ES1\\\\Conecta-UFOP\\\\dataconnect\": could not find dataconnect.yaml in `c:\\Users\\Adryan\\Adryan\\UFOP\\ES1\\Conecta-UFOP\\dataconnect`\nE0218 00:24:39.501302   38748 watch.go:116] watchAllDir unable to walk dir `c:\\Users\\Adryan\\Adryan\\UFOP\\ES1\\Conecta-UFOP\\dataconnect`: CreateFile c:\\Users\\Adryan\\Adryan\\UFOP\\ES1\\Conecta-UFOP\\dataconnect: O sistema não pode encontrar o arquivo especificado.\n"}}
[debug] [2026-02-18T03:24:49.501Z] E0218 00:24:49.500859   38748 watch.go:40] Failed to load config from "c:\\Users\\Adryan\\Adryan\\UFOP\\ES1\\Conecta-UFOP\\dataconnect": could not find dataconnect.yaml in `c:\Users\Adryan\Adryan\UFOP\ES1\Conecta-UFOP\dataconnect`
 {"metadata":{"emulator":{"name":"dataconnect"},"message":"E0218 00:24:49.500859   38748 watch.go:40] Failed to load config from \"c:\\\\Users\\\\Adryan\\\\Adryan\\\\UFOP\\\\ES1\\\\Conecta-UFOP\\\\dataconnect\": could not find dataconnect.yaml in `c:\\Users\\Adryan\\Adryan\\UFOP\\ES1\\Conecta-UFOP\\dataconnect`\n"}}
[debug] [2026-02-18T03:24:59.502Z] E0218 00:24:59.501803   38748 watch.go:40] Failed to load config from "c:\\Users\\Adryan\\Adryan\\UFOP\\ES1\\Conecta-UFOP\\dataconnect": could not find dataconnect.yaml in `c:\Users\Adryan\Adryan\UFOP\ES1\Conecta-UFOP\dataconnect`
 {"metadata":{"emulator":{"name":"dataconnect"},"message":"E0218 00:24:59.501803   38748 watch.go:40] Failed to load config from \"c:\\\\Users\\\\Adryan\\\\Adryan\\\\UFOP\\\\ES1\\\\Conecta-UFOP\\\\dataconnect\": could not find dataconnect.yaml in `c:\\Users\\Adryan\\Adryan\\UFOP\\ES1\\Conecta-UFOP\\dataconnect`\n"}}
[debug] [2026-02-18T03:25:09.501Z] E0218 00:25:09.500956   38748 watch.go:40] Failed to load config from "c:\\Users\\Adryan\\Adryan\\UFOP\\ES1\\Conecta-UFOP\\dataconnect": could not find dataconnect.yaml in `c:\Users\Adryan\Adryan\UFOP\ES1\Conecta-UFOP\dataconnect`
 {"metadata":{"emulator":{"name":"dataconnect"},"message":"E0218 00:25:09.500956   38748 watch.go:40] Failed to load config from \"c:\\\\Users\\\\Adryan\\\\Adryan\\\\UFOP\\\\ES1\\\\Conecta-UFOP\\\\dataconnect\": could not find dataconnect.yaml in `c:\\Users\\Adryan\\Adryan\\UFOP\\ES1\\Conecta-UFOP\\dataconnect`\n"}}
[debug] [2026-02-18T03:25:19.501Z] E0218 00:25:19.500819   38748 watch.go:40] Failed to load config from "c:\\Users\\Adryan\\Adryan\\UFOP\\ES1\\Conecta-UFOP\\dataconnect": could not find dataconnect.yaml in `c:\Users\Adryan\Adryan\UFOP\ES1\Conecta-UFOP\dataconnect`
 {"metadata":{"emulator":{"name":"dataconnect"},"message":"E0218 00:25:19.500819   38748 watch.go:40] Failed to load config from \"c:\\\\Users\\\\Adryan\\\\Adryan\\\\UFOP\\\\ES1\\\\Conecta-UFOP\\\\dataconnect\": could not find dataconnect.yaml in `c:\\Users\\Adryan\\Adryan\\UFOP\\ES1\\Conecta-UFOP\\dataconnect`\n"}}
[debug] [2026-02-18T03:25:29.501Z] E0218 00:25:29.500999   38748 watch.go:40] Failed to load config from "c:\\Users\\Adryan\\Adryan\\UFOP\\ES1\\Conecta-UFOP\\dataconnect": could not find dataconnect.yaml in `c:\Users\Adryan\Adryan\UFOP\ES1\Conecta-UFOP\dataconnect`
 {"metadata":{"emulator":{"name":"dataconnect"},"message":"E0218 00:25:29.500999   38748 watch.go:40] Failed to load config from \"c:\\\\Users\\\\Adryan\\\\Adryan\\\\UFOP\\\\ES1\\\\Conecta-UFOP\\\\dataconnect\": could not find dataconnect.yaml in `c:\\Users\\Adryan\\Adryan\\UFOP\\ES1\\Conecta-UFOP\\dataconnect`\n"}}
[debug] [2026-02-18T03:25:39.501Z] E0218 00:25:39.501088   38748 watch.go:116] watchAllDir unable to walk dir `c:\Users\Adryan\Adryan\UFOP\ES1\Conecta-UFOP\dataconnect`: CreateFile c:\Users\Adryan\Adryan\UFOP\ES1\Conecta-UFOP\dataconnect: O sistema não pode encontrar o arquivo especificado.
 {"metadata":{"emulator":{"name":"dataconnect"},"message":"E0218 00:25:39.501088   38748 watch.go:116] watchAllDir unable to walk dir `c:\\Users\\Adryan\\Adryan\\UFOP\\ES1\\Conecta-UFOP\\dataconnect`: CreateFile c:\\Users\\Adryan\\Adryan\\UFOP\\ES1\\Conecta-UFOP\\dataconnect: O sistema não pode encontrar o arquivo especificado.\n"}}
[debug] [2026-02-18T03:25:39.501Z] E0218 00:25:39.501088   38748 watch.go:40] Failed to load config from "c:\\Users\\Adryan\\Adryan\\UFOP\\ES1\\Conecta-UFOP\\dataconnect": could not find dataconnect.yaml in `c:\Users\Adryan\Adryan\UFOP\ES1\Conecta-UFOP\dataconnect`
 {"metadata":{"emulator":{"name":"dataconnect"},"message":"E0218 00:25:39.501088   38748 watch.go:40] Failed to load config from \"c:\\\\Users\\\\Adryan\\\\Adryan\\\\UFOP\\\\ES1\\\\Conecta-UFOP\\\\dataconnect\": could not find dataconnect.yaml in `c:\\Users\\Adryan\\Adryan\\UFOP\\ES1\\Conecta-UFOP\\dataconnect`\n"}}
[debug] [2026-02-18T03:25:49.501Z] E0218 00:25:49.501297   38748 watch.go:40] Failed to load config from "c:\\Users\\Adryan\\Adryan\\UFOP\\ES1\\Conecta-UFOP\\dataconnect": could not find dataconnect.yaml in `c:\Users\Adryan\Adryan\UFOP\ES1\Conecta-UFOP\dataconnect`
 {"metadata":{"emulator":{"name":"dataconnect"},"message":"E0218 00:25:49.501297   38748 watch.go:40] Failed to load config from \"c:\\\\Users\\\\Adryan\\\\Adryan\\\\UFOP\\\\ES1\\\\Conecta-UFOP\\\\dataconnect\": could not find dataconnect.yaml in `c:\\Users\\Adryan\\Adryan\\UFOP\\ES1\\Conecta-UFOP\\dataconnect`\n"}}
[debug] [2026-02-18T03:25:59.501Z] E0218 00:25:59.500982   38748 watch.go:40] Failed to load config from "c:\\Users\\Adryan\\Adryan\\UFOP\\ES1\\Conecta-UFOP\\dataconnect": could not find dataconnect.yaml in `c:\Users\Adryan\Adryan\UFOP\ES1\Conecta-UFOP\dataconnect`
 {"metadata":{"emulator":{"name":"dataconnect"},"message":"E0218 00:25:59.500982   38748 watch.go:40] Failed to load config from \"c:\\\\Users\\\\Adryan\\\\Adryan\\\\UFOP\\\\ES1\\\\Conecta-UFOP\\\\dataconnect\": could not find dataconnect.yaml in `c:\\Users\\Adryan\\Adryan\\UFOP\\ES1\\Conecta-UFOP\\dataconnect`\n"}}
[debug] [2026-02-18T03:26:09.501Z] E0218 00:26:09.501243   38748 watch.go:40] Failed to load config from "c:\\Users\\Adryan\\Adryan\\UFOP\\ES1\\Conecta-UFOP\\dataconnect": could not find dataconnect.yaml in `c:\Users\Adryan\Adryan\UFOP\ES1\Conecta-UFOP\dataconnect`
 {"metadata":{"emulator":{"name":"dataconnect"},"message":"E0218 00:26:09.501243   38748 watch.go:40] Failed to load config from \"c:\\\\Users\\\\Adryan\\\\Adryan\\\\UFOP\\\\ES1\\\\Conecta-UFOP\\\\dataconnect\": could not find dataconnect.yaml in `c:\\Users\\Adryan\\Adryan\\UFOP\\ES1\\Conecta-UFOP\\dataconnect`\n"}}
[debug] [2026-02-18T03:26:19.501Z] E0218 00:26:19.500903   38748 watch.go:40] Failed to load config from "c:\\Users\\Adryan\\Adryan\\UFOP\\ES1\\Conecta-UFOP\\dataconnect": could not find dataconnect.yaml in `c:\Users\Adryan\Adryan\UFOP\ES1\Conecta-UFOP\dataconnect`
 {"metadata":{"emulator":{"name":"dataconnect"},"message":"E0218 00:26:19.500903   38748 watch.go:40] Failed to load config from \"c:\\\\Users\\\\Adryan\\\\Adryan\\\\UFOP\\\\ES1\\\\Conecta-UFOP\\\\dataconnect\": could not find dataconnect.yaml in `c:\\Users\\Adryan\\Adryan\\UFOP\\ES1\\Conecta-UFOP\\dataconnect`\n"}}
[debug] [2026-02-18T03:26:29.501Z] E0218 00:26:29.500807   38748 watch.go:40] Failed to load config from "c:\\Users\\Adryan\\Adryan\\UFOP\\ES1\\Conecta-UFOP\\dataconnect": could not find dataconnect.yaml in `c:\Users\Adryan\Adryan\UFOP\ES1\Conecta-UFOP\dataconnect`
 {"metadata":{"emulator":{"name":"dataconnect"},"message":"E0218 00:26:29.500807   38748 watch.go:40] Failed to load config from \"c:\\\\Users\\\\Adryan\\\\Adryan\\\\UFOP\\\\ES1\\\\Conecta-UFOP\\\\dataconnect\": could not find dataconnect.yaml in `c:\\Users\\Adryan\\Adryan\\UFOP\\ES1\\Conecta-UFOP\\dataconnect`\n"}}
[debug] [2026-02-18T03:26:39.501Z] E0218 00:26:39.501053   38748 watch.go:116] watchAllDir unable to walk dir `c:\Users\Adryan\Adryan\UFOP\ES1\Conecta-UFOP\dataconnect`: CreateFile c:\Users\Adryan\Adryan\UFOP\ES1\Conecta-UFOP\dataconnect: O sistema não pode encontrar o arquivo especificado.
 {"metadata":{"emulator":{"name":"dataconnect"},"message":"E0218 00:26:39.501053   38748 watch.go:116] watchAllDir unable to walk dir `c:\\Users\\Adryan\\Adryan\\UFOP\\ES1\\Conecta-UFOP\\dataconnect`: CreateFile c:\\Users\\Adryan\\Adryan\\UFOP\\ES1\\Conecta-UFOP\\dataconnect: O sistema não pode encontrar o arquivo especificado.\n"}}
[debug] [2026-02-18T03:26:39.501Z] E0218 00:26:39.501053   38748 watch.go:40] Failed to load config from "c:\\Users\\Adryan\\Adryan\\UFOP\\ES1\\Conecta-UFOP\\dataconnect": could not find dataconnect.yaml in `c:\Users\Adryan\Adryan\UFOP\ES1\Conecta-UFOP\dataconnect`
 {"metadata":{"emulator":{"name":"dataconnect"},"message":"E0218 00:26:39.501053   38748 watch.go:40] Failed to load config from \"c:\\\\Users\\\\Adryan\\\\Adryan\\\\UFOP\\\\ES1\\\\Conecta-UFOP\\\\dataconnect\": could not find dataconnect.yaml in `c:\\Users\\Adryan\\Adryan\\UFOP\\ES1\\Conecta-UFOP\\dataconnect`\n"}}
[debug] [2026-02-18T03:26:49.501Z] E0218 00:26:49.501074   38748 watch.go:40] Failed to load config from "c:\\Users\\Adryan\\Adryan\\UFOP\\ES1\\Conecta-UFOP\\dataconnect": could not find dataconnect.yaml in `c:\Users\Adryan\Adryan\UFOP\ES1\Conecta-UFOP\dataconnect`
 {"metadata":{"emulator":{"name":"dataconnect"},"message":"E0218 00:26:49.501074   38748 watch.go:40] Failed to load config from \"c:\\\\Users\\\\Adryan\\\\Adryan\\\\UFOP\\\\ES1\\\\Conecta-UFOP\\\\dataconnect\": could not find dataconnect.yaml in `c:\\Users\\Adryan\\Adryan\\UFOP\\ES1\\Conecta-UFOP\\dataconnect`\n"}}
[debug] [2026-02-18T03:26:59.501Z] E0218 00:26:59.501307   38748 watch.go:40] Failed to load config from "c:\\Users\\Adryan\\Adryan\\UFOP\\ES1\\Conecta-UFOP\\dataconnect": could not find dataconnect.yaml in `c:\Users\Adryan\Adryan\UFOP\ES1\Conecta-UFOP\dataconnect`
 {"metadata":{"emulator":{"name":"dataconnect"},"message":"E0218 00:26:59.501307   38748 watch.go:40] Failed to load config from \"c:\\\\Users\\\\Adryan\\\\Adryan\\\\UFOP\\\\ES1\\\\Conecta-UFOP\\\\dataconnect\": could not find dataconnect.yaml in `c:\\Users\\Adryan\\Adryan\\UFOP\\ES1\\Conecta-UFOP\\dataconnect`\n"}}
[debug] [2026-02-18T03:27:09.501Z] E0218 00:27:09.500967   38748 watch.go:40] Failed to load config from "c:\\Users\\Adryan\\Adryan\\UFOP\\ES1\\Conecta-UFOP\\dataconnect": could not find dataconnect.yaml in `c:\Users\Adryan\Adryan\UFOP\ES1\Conecta-UFOP\dataconnect`
 {"metadata":{"emulator":{"name":"dataconnect"},"message":"E0218 00:27:09.500967   38748 watch.go:40] Failed to load config from \"c:\\\\Users\\\\Adryan\\\\Adryan\\\\UFOP\\\\ES1\\\\Conecta-UFOP\\\\dataconnect\": could not find dataconnect.yaml in `c:\\Users\\Adryan\\Adryan\\UFOP\\ES1\\Conecta-UFOP\\dataconnect`\n"}}
[debug] [2026-02-18T03:27:19.501Z] E0218 00:27:19.500839   38748 watch.go:40] Failed to load config from "c:\\Users\\Adryan\\Adryan\\UFOP\\ES1\\Conecta-UFOP\\dataconnect": could not find dataconnect.yaml in `c:\Users\Adryan\Adryan\UFOP\ES1\Conecta-UFOP\dataconnect`
 {"metadata":{"emulator":{"name":"dataconnect"},"message":"E0218 00:27:19.500839   38748 watch.go:40] Failed to load config from \"c:\\\\Users\\\\Adryan\\\\Adryan\\\\UFOP\\\\ES1\\\\Conecta-UFOP\\\\dataconnect\": could not find dataconnect.yaml in `c:\\Users\\Adryan\\Adryan\\UFOP\\ES1\\Conecta-UFOP\\dataconnect`\n"}}
[debug] [2026-02-18T03:27:29.501Z] E0218 00:27:29.500914   38748 watch.go:40] Failed to load config from "c:\\Users\\Adryan\\Adryan\\UFOP\\ES1\\Conecta-UFOP\\dataconnect": could not find dataconnect.yaml in `c:\Users\Adryan\Adryan\UFOP\ES1\Conecta-UFOP\dataconnect`
 {"metadata":{"emulator":{"name":"dataconnect"},"message":"E0218 00:27:29.500914   38748 watch.go:40] Failed to load config from \"c:\\\\Users\\\\Adryan\\\\Adryan\\\\UFOP\\\\ES1\\\\Conecta-UFOP\\\\dataconnect\": could not find dataconnect.yaml in `c:\\Users\\Adryan\\Adryan\\UFOP\\ES1\\Conecta-UFOP\\dataconnect`\n"}}
[debug] [2026-02-18T03:27:39.501Z] E0218 00:27:39.500981   38748 watch.go:40] Failed to load config from "c:\\Users\\Adryan\\Adryan\\UFOP\\ES1\\Conecta-UFOP\\dataconnect": could not find dataconnect.yaml in `c:\Users\Adryan\Adryan\UFOP\ES1\Conecta-UFOP\dataconnect`
E0218 00:27:39.500981   38748 watch.go:116] watchAllDir unable to walk dir `c:\Users\Adryan\Adryan\UFOP\ES1\Conecta-UFOP\dataconnect`: CreateFile c:\Users\Adryan\Adryan\UFOP\ES1\Conecta-UFOP\dataconnect: O sistema não pode encontrar o arquivo especificado.
 {"metadata":{"emulator":{"name":"dataconnect"},"message":"E0218 00:27:39.500981   38748 watch.go:40] Failed to load config from \"c:\\\\Users\\\\Adryan\\\\Adryan\\\\UFOP\\\\ES1\\\\Conecta-UFOP\\\\dataconnect\": could not find dataconnect.yaml in `c:\\Users\\Adryan\\Adryan\\UFOP\\ES1\\Conecta-UFOP\\dataconnect`\nE0218 00:27:39.500981   38748 watch.go:116] watchAllDir unable to walk dir `c:\\Users\\Adryan\\Adryan\\UFOP\\ES1\\Conecta-UFOP\\dataconnect`: CreateFile c:\\Users\\Adryan\\Adryan\\UFOP\\ES1\\Conecta-UFOP\\dataconnect: O sistema não pode encontrar o arquivo especificado.\n"}}
[debug] [2026-02-18T03:27:49.501Z] E0218 00:27:49.501305   38748 watch.go:40] Failed to load config from "c:\\Users\\Adryan\\Adryan\\UFOP\\ES1\\Conecta-UFOP\\dataconnect": could not find dataconnect.yaml in `c:\Users\Adryan\Adryan\UFOP\ES1\Conecta-UFOP\dataconnect`
 {"metadata":{"emulator":{"name":"dataconnect"},"message":"E0218 00:27:49.501305   38748 watch.go:40] Failed to load config from \"c:\\\\Users\\\\Adryan\\\\Adryan\\\\UFOP\\\\ES1\\\\Conecta-UFOP\\\\dataconnect\": could not find dataconnect.yaml in `c:\\Users\\Adryan\\Adryan\\UFOP\\ES1\\Conecta-UFOP\\dataconnect`\n"}}
[debug] [2026-02-18T03:27:59.501Z] E0218 00:27:59.501014   38748 watch.go:40] Failed to load config from "c:\\Users\\Adryan\\Adryan\\UFOP\\ES1\\Conecta-UFOP\\dataconnect": could not find dataconnect.yaml in `c:\Users\Adryan\Adryan\UFOP\ES1\Conecta-UFOP\dataconnect`
 {"metadata":{"emulator":{"name":"dataconnect"},"message":"E0218 00:27:59.501014   38748 watch.go:40] Failed to load config from \"c:\\\\Users\\\\Adryan\\\\Adryan\\\\UFOP\\\\ES1\\\\Conecta-UFOP\\\\dataconnect\": could not find dataconnect.yaml in `c:\\Users\\Adryan\\Adryan\\UFOP\\ES1\\Conecta-UFOP\\dataconnect`\n"}}
[debug] [2026-02-18T03:28:09.501Z] E0218 00:28:09.500839   38748 watch.go:40] Failed to load config from "c:\\Users\\Adryan\\Adryan\\UFOP\\ES1\\Conecta-UFOP\\dataconnect": could not find dataconnect.yaml in `c:\Users\Adryan\Adryan\UFOP\ES1\Conecta-UFOP\dataconnect`
 {"metadata":{"emulator":{"name":"dataconnect"},"message":"E0218 00:28:09.500839   38748 watch.go:40] Failed to load config from \"c:\\\\Users\\\\Adryan\\\\Adryan\\\\UFOP\\\\ES1\\\\Conecta-UFOP\\\\dataconnect\": could not find dataconnect.yaml in `c:\\Users\\Adryan\\Adryan\\UFOP\\ES1\\Conecta-UFOP\\dataconnect`\n"}}
[debug] [2026-02-18T03:28:19.501Z] E0218 00:28:19.500962   38748 watch.go:40] Failed to load config from "c:\\Users\\Adryan\\Adryan\\UFOP\\ES1\\Conecta-UFOP\\dataconnect": could not find dataconnect.yaml in `c:\Users\Adryan\Adryan\UFOP\ES1\Conecta-UFOP\dataconnect`
 {"metadata":{"emulator":{"name":"dataconnect"},"message":"E0218 00:28:19.500962   38748 watch.go:40] Failed to load config from \"c:\\\\Users\\\\Adryan\\\\Adryan\\\\UFOP\\\\ES1\\\\Conecta-UFOP\\\\dataconnect\": could not find dataconnect.yaml in `c:\\Users\\Adryan\\Adryan\\UFOP\\ES1\\Conecta-UFOP\\dataconnect`\n"}}
[debug] [2026-02-18T03:28:29.501Z] E0218 00:28:29.501169   38748 watch.go:40] Failed to load config from "c:\\Users\\Adryan\\Adryan\\UFOP\\ES1\\Conecta-UFOP\\dataconnect": could not find dataconnect.yaml in `c:\Users\Adryan\Adryan\UFOP\ES1\Conecta-UFOP\dataconnect`
 {"metadata":{"emulator":{"name":"dataconnect"},"message":"E0218 00:28:29.501169   38748 watch.go:40] Failed to load config from \"c:\\\\Users\\\\Adryan\\\\Adryan\\\\UFOP\\\\ES1\\\\Conecta-UFOP\\\\dataconnect\": could not find dataconnect.yaml in `c:\\Users\\Adryan\\Adryan\\UFOP\\ES1\\Conecta-UFOP\\dataconnect`\n"}}
[debug] [2026-02-18T03:28:39.501Z] E0218 00:28:39.500829   38748 watch.go:116] watchAllDir unable to walk dir `c:\Users\Adryan\Adryan\UFOP\ES1\Conecta-UFOP\dataconnect`: CreateFile c:\Users\Adryan\Adryan\UFOP\ES1\Conecta-UFOP\dataconnect: O sistema não pode encontrar o arquivo especificado.
 {"metadata":{"emulator":{"name":"dataconnect"},"message":"E0218 00:28:39.500829   38748 watch.go:116] watchAllDir unable to walk dir `c:\\Users\\Adryan\\Adryan\\UFOP\\ES1\\Conecta-UFOP\\dataconnect`: CreateFile c:\\Users\\Adryan\\Adryan\\UFOP\\ES1\\Conecta-UFOP\\dataconnect: O sistema não pode encontrar o arquivo especificado.\n"}}
[debug] [2026-02-18T03:28:39.501Z] E0218 00:28:39.501334   38748 watch.go:40] Failed to load config from "c:\\Users\\Adryan\\Adryan\\UFOP\\ES1\\Conecta-UFOP\\dataconnect": could not find dataconnect.yaml in `c:\Users\Adryan\Adryan\UFOP\ES1\Conecta-UFOP\dataconnect`
 {"metadata":{"emulator":{"name":"dataconnect"},"message":"E0218 00:28:39.501334   38748 watch.go:40] Failed to load config from \"c:\\\\Users\\\\Adryan\\\\Adryan\\\\UFOP\\\\ES1\\\\Conecta-UFOP\\\\dataconnect\": could not find dataconnect.yaml in `c:\\Users\\Adryan\\Adryan\\UFOP\\ES1\\Conecta-UFOP\\dataconnect`\n"}}
[debug] [2026-02-18T03:28:49.501Z] E0218 00:28:49.501263   38748 watch.go:40] Failed to load config from "c:\\Users\\Adryan\\Adryan\\UFOP\\ES1\\Conecta-UFOP\\dataconnect": could not find dataconnect.yaml in `c:\Users\Adryan\Adryan\UFOP\ES1\Conecta-UFOP\dataconnect`
 {"metadata":{"emulator":{"name":"dataconnect"},"message":"E0218 00:28:49.501263   38748 watch.go:40] Failed to load config from \"c:\\\\Users\\\\Adryan\\\\Adryan\\\\UFOP\\\\ES1\\\\Conecta-UFOP\\\\dataconnect\": could not find dataconnect.yaml in `c:\\Users\\Adryan\\Adryan\\UFOP\\ES1\\Conecta-UFOP\\dataconnect`\n"}}
[debug] [2026-02-18T03:28:59.501Z] E0218 00:28:59.500813   38748 watch.go:40] Failed to load config from "c:\\Users\\Adryan\\Adryan\\UFOP\\ES1\\Conecta-UFOP\\dataconnect": could not find dataconnect.yaml in `c:\Users\Adryan\Adryan\UFOP\ES1\Conecta-UFOP\dataconnect`
 {"metadata":{"emulator":{"name":"dataconnect"},"message":"E0218 00:28:59.500813   38748 watch.go:40] Failed to load config from \"c:\\\\Users\\\\Adryan\\\\Adryan\\\\UFOP\\\\ES1\\\\Conecta-UFOP\\\\dataconnect\": could not find dataconnect.yaml in `c:\\Users\\Adryan\\Adryan\\UFOP\\ES1\\Conecta-UFOP\\dataconnect`\n"}}
[debug] [2026-02-18T03:29:09.501Z] E0218 00:29:09.501220   38748 watch.go:40] Failed to load config from "c:\\Users\\Adryan\\Adryan\\UFOP\\ES1\\Conecta-UFOP\\dataconnect": could not find dataconnect.yaml in `c:\Users\Adryan\Adryan\UFOP\ES1\Conecta-UFOP\dataconnect`
 {"metadata":{"emulator":{"name":"dataconnect"},"message":"E0218 00:29:09.501220   38748 watch.go:40] Failed to load config from \"c:\\\\Users\\\\Adryan\\\\Adryan\\\\UFOP\\\\ES1\\\\Conecta-UFOP\\\\dataconnect\": could not find dataconnect.yaml in `c:\\Users\\Adryan\\Adryan\\UFOP\\ES1\\Conecta-UFOP\\dataconnect`\n"}}
[debug] [2026-02-18T03:29:19.501Z] E0218 00:29:19.501188   38748 watch.go:40] Failed to load config from "c:\\Users\\Adryan\\Adryan\\UFOP\\ES1\\Conecta-UFOP\\dataconnect": could not find dataconnect.yaml in `c:\Users\Adryan\Adryan\UFOP\ES1\Conecta-UFOP\dataconnect`
 {"metadata":{"emulator":{"name":"dataconnect"},"message":"E0218 00:29:19.501188   38748 watch.go:40] Failed to load config from \"c:\\\\Users\\\\Adryan\\\\Adryan\\\\UFOP\\\\ES1\\\\Conecta-UFOP\\\\dataconnect\": could not find dataconnect.yaml in `c:\\Users\\Adryan\\Adryan\\UFOP\\ES1\\Conecta-UFOP\\dataconnect`\n"}}
[debug] [2026-02-18T03:29:29.501Z] E0218 00:29:29.500810   38748 watch.go:40] Failed to load config from "c:\\Users\\Adryan\\Adryan\\UFOP\\ES1\\Conecta-UFOP\\dataconnect": could not find dataconnect.yaml in `c:\Users\Adryan\Adryan\UFOP\ES1\Conecta-UFOP\dataconnect`
 {"metadata":{"emulator":{"name":"dataconnect"},"message":"E0218 00:29:29.500810   38748 watch.go:40] Failed to load config from \"c:\\\\Users\\\\Adryan\\\\Adryan\\\\UFOP\\\\ES1\\\\Conecta-UFOP\\\\dataconnect\": could not find dataconnect.yaml in `c:\\Users\\Adryan\\Adryan\\UFOP\\ES1\\Conecta-UFOP\\dataconnect`\n"}}
[debug] [2026-02-18T03:29:39.501Z] E0218 00:29:39.500815   38748 watch.go:116] watchAllDir unable to walk dir `c:\Users\Adryan\Adryan\UFOP\ES1\Conecta-UFOP\dataconnect`: CreateFile c:\Users\Adryan\Adryan\UFOP\ES1\Conecta-UFOP\dataconnect: O sistema não pode encontrar o arquivo especificado.
 {"metadata":{"emulator":{"name":"dataconnect"},"message":"E0218 00:29:39.500815   38748 watch.go:116] watchAllDir unable to walk dir `c:\\Users\\Adryan\\Adryan\\UFOP\\ES1\\Conecta-UFOP\\dataconnect`: CreateFile c:\\Users\\Adryan\\Adryan\\UFOP\\ES1\\Conecta-UFOP\\dataconnect: O sistema não pode encontrar o arquivo especificado.\n"}}
[debug] [2026-02-18T03:29:39.501Z] E0218 00:29:39.500815   38748 watch.go:40] Failed to load config from "c:\\Users\\Adryan\\Adryan\\UFOP\\ES1\\Conecta-UFOP\\dataconnect": could not find dataconnect.yaml in `c:\Users\Adryan\Adryan\UFOP\ES1\Conecta-UFOP\dataconnect`
 {"metadata":{"emulator":{"name":"dataconnect"},"message":"E0218 00:29:39.500815   38748 watch.go:40] Failed to load config from \"c:\\\\Users\\\\Adryan\\\\Adryan\\\\UFOP\\\\ES1\\\\Conecta-UFOP\\\\dataconnect\": could not find dataconnect.yaml in `c:\\Users\\Adryan\\Adryan\\UFOP\\ES1\\Conecta-UFOP\\dataconnect`\n"}}
[debug] [2026-02-18T03:29:49.501Z] E0218 00:29:49.500851   38748 watch.go:40] Failed to load config from "c:\\Users\\Adryan\\Adryan\\UFOP\\ES1\\Conecta-UFOP\\dataconnect": could not find dataconnect.yaml in `c:\Users\Adryan\Adryan\UFOP\ES1\Conecta-UFOP\dataconnect`
 {"metadata":{"emulator":{"name":"dataconnect"},"message":"E0218 00:29:49.500851   38748 watch.go:40] Failed to load config from \"c:\\\\Users\\\\Adryan\\\\Adryan\\\\UFOP\\\\ES1\\\\Conecta-UFOP\\\\dataconnect\": could not find dataconnect.yaml in `c:\\Users\\Adryan\\Adryan\\UFOP\\ES1\\Conecta-UFOP\\dataconnect`\n"}}
[debug] [2026-02-18T03:29:59.501Z] E0218 00:29:59.501326   38748 watch.go:40] Failed to load config from "c:\\Users\\Adryan\\Adryan\\UFOP\\ES1\\Conecta-UFOP\\dataconnect": could not find dataconnect.yaml in `c:\Users\Adryan\Adryan\UFOP\ES1\Conecta-UFOP\dataconnect`
 {"metadata":{"emulator":{"name":"dataconnect"},"message":"E0218 00:29:59.501326   38748 watch.go:40] Failed to load config from \"c:\\\\Users\\\\Adryan\\\\Adryan\\\\UFOP\\\\ES1\\\\Conecta-UFOP\\\\dataconnect\": could not find dataconnect.yaml in `c:\\Users\\Adryan\\Adryan\\UFOP\\ES1\\Conecta-UFOP\\dataconnect`\n"}}
[debug] [2026-02-18T03:30:09.501Z] E0218 00:30:09.501330   38748 watch.go:40] Failed to load config from "c:\\Users\\Adryan\\Adryan\\UFOP\\ES1\\Conecta-UFOP\\dataconnect": could not find dataconnect.yaml in `c:\Users\Adryan\Adryan\UFOP\ES1\Conecta-UFOP\dataconnect`
 {"metadata":{"emulator":{"name":"dataconnect"},"message":"E0218 00:30:09.501330   38748 watch.go:40] Failed to load config from \"c:\\\\Users\\\\Adryan\\\\Adryan\\\\UFOP\\\\ES1\\\\Conecta-UFOP\\\\dataconnect\": could not find dataconnect.yaml in `c:\\Users\\Adryan\\Adryan\\UFOP\\ES1\\Conecta-UFOP\\dataconnect`\n"}}
[debug] [2026-02-18T03:30:19.501Z] E0218 00:30:19.500962   38748 watch.go:40] Failed to load config from "c:\\Users\\Adryan\\Adryan\\UFOP\\ES1\\Conecta-UFOP\\dataconnect": could not find dataconnect.yaml in `c:\Users\Adryan\Adryan\UFOP\ES1\Conecta-UFOP\dataconnect`
 {"metadata":{"emulator":{"name":"dataconnect"},"message":"E0218 00:30:19.500962   38748 watch.go:40] Failed to load config from \"c:\\\\Users\\\\Adryan\\\\Adryan\\\\UFOP\\\\ES1\\\\Conecta-UFOP\\\\dataconnect\": could not find dataconnect.yaml in `c:\\Users\\Adryan\\Adryan\\UFOP\\ES1\\Conecta-UFOP\\dataconnect`\n"}}
[debug] [2026-02-18T03:30:29.501Z] E0218 00:30:29.501147   38748 watch.go:40] Failed to load config from "c:\\Users\\Adryan\\Adryan\\UFOP\\ES1\\Conecta-UFOP\\dataconnect": could not find dataconnect.yaml in `c:\Users\Adryan\Adryan\UFOP\ES1\Conecta-UFOP\dataconnect`
 {"metadata":{"emulator":{"name":"dataconnect"},"message":"E0218 00:30:29.501147   38748 watch.go:40] Failed to load config from \"c:\\\\Users\\\\Adryan\\\\Adryan\\\\UFOP\\\\ES1\\\\Conecta-UFOP\\\\dataconnect\": could not find dataconnect.yaml in `c:\\Users\\Adryan\\Adryan\\UFOP\\ES1\\Conecta-UFOP\\dataconnect`\n"}}
[debug] [2026-02-18T03:30:39.501Z] E0218 00:30:39.500877   38748 watch.go:116] watchAllDir unable to walk dir `c:\Users\Adryan\Adryan\UFOP\ES1\Conecta-UFOP\dataconnect`: CreateFile c:\Users\Adryan\Adryan\UFOP\ES1\Conecta-UFOP\dataconnect: O sistema não pode encontrar o arquivo especificado.
 {"metadata":{"emulator":{"name":"dataconnect"},"message":"E0218 00:30:39.500877   38748 watch.go:116] watchAllDir unable to walk dir `c:\\Users\\Adryan\\Adryan\\UFOP\\ES1\\Conecta-UFOP\\dataconnect`: CreateFile c:\\Users\\Adryan\\Adryan\\UFOP\\ES1\\Conecta-UFOP\\dataconnect: O sistema não pode encontrar o arquivo especificado.\n"}}
[debug] [2026-02-18T03:30:39.501Z] E0218 00:30:39.501442   38748 watch.go:40] Failed to load config from "c:\\Users\\Adryan\\Adryan\\UFOP\\ES1\\Conecta-UFOP\\dataconnect": could not find dataconnect.yaml in `c:\Users\Adryan\Adryan\UFOP\ES1\Conecta-UFOP\dataconnect`
 {"metadata":{"emulator":{"name":"dataconnect"},"message":"E0218 00:30:39.501442   38748 watch.go:40] Failed to load config from \"c:\\\\Users\\\\Adryan\\\\Adryan\\\\UFOP\\\\ES1\\\\Conecta-UFOP\\\\dataconnect\": could not find dataconnect.yaml in `c:\\Users\\Adryan\\Adryan\\UFOP\\ES1\\Conecta-UFOP\\dataconnect`\n"}}
[debug] [2026-02-18T03:30:49.501Z] E0218 00:30:49.501096   38748 watch.go:40] Failed to load config from "c:\\Users\\Adryan\\Adryan\\UFOP\\ES1\\Conecta-UFOP\\dataconnect": could not find dataconnect.yaml in `c:\Users\Adryan\Adryan\UFOP\ES1\Conecta-UFOP\dataconnect`
 {"metadata":{"emulator":{"name":"dataconnect"},"message":"E0218 00:30:49.501096   38748 watch.go:40] Failed to load config from \"c:\\\\Users\\\\Adryan\\\\Adryan\\\\UFOP\\\\ES1\\\\Conecta-UFOP\\\\dataconnect\": could not find dataconnect.yaml in `c:\\Users\\Adryan\\Adryan\\UFOP\\ES1\\Conecta-UFOP\\dataconnect`\n"}}
[debug] [2026-02-18T03:30:59.501Z] E0218 00:30:59.501219   38748 watch.go:40] Failed to load config from "c:\\Users\\Adryan\\Adryan\\UFOP\\ES1\\Conecta-UFOP\\dataconnect": could not find dataconnect.yaml in `c:\Users\Adryan\Adryan\UFOP\ES1\Conecta-UFOP\dataconnect`
 {"metadata":{"emulator":{"name":"dataconnect"},"message":"E0218 00:30:59.501219   38748 watch.go:40] Failed to load config from \"c:\\\\Users\\\\Adryan\\\\Adryan\\\\UFOP\\\\ES1\\\\Conecta-UFOP\\\\dataconnect\": could not find dataconnect.yaml in `c:\\Users\\Adryan\\Adryan\\UFOP\\ES1\\Conecta-UFOP\\dataconnect`\n"}}
[debug] [2026-02-18T03:31:09.501Z] E0218 00:31:09.500851   38748 watch.go:40] Failed to load config from "c:\\Users\\Adryan\\Adryan\\UFOP\\ES1\\Conecta-UFOP\\dataconnect": could not find dataconnect.yaml in `c:\Users\Adryan\Adryan\UFOP\ES1\Conecta-UFOP\dataconnect`
 {"metadata":{"emulator":{"name":"dataconnect"},"message":"E0218 00:31:09.500851   38748 watch.go:40] Failed to load config from \"c:\\\\Users\\\\Adryan\\\\Adryan\\\\UFOP\\\\ES1\\\\Conecta-UFOP\\\\dataconnect\": could not find dataconnect.yaml in `c:\\Users\\Adryan\\Adryan\\UFOP\\ES1\\Conecta-UFOP\\dataconnect`\n"}}
[debug] [2026-02-18T03:31:19.501Z] E0218 00:31:19.501038   38748 watch.go:40] Failed to load config from "c:\\Users\\Adryan\\Adryan\\UFOP\\ES1\\Conecta-UFOP\\dataconnect": could not find dataconnect.yaml in `c:\Users\Adryan\Adryan\UFOP\ES1\Conecta-UFOP\dataconnect`
 {"metadata":{"emulator":{"name":"dataconnect"},"message":"E0218 00:31:19.501038   38748 watch.go:40] Failed to load config from \"c:\\\\Users\\\\Adryan\\\\Adryan\\\\UFOP\\\\ES1\\\\Conecta-UFOP\\\\dataconnect\": could not find dataconnect.yaml in `c:\\Users\\Adryan\\Adryan\\UFOP\\ES1\\Conecta-UFOP\\dataconnect`\n"}}
[debug] [2026-02-18T03:31:29.501Z] E0218 00:31:29.501153   38748 watch.go:40] Failed to load config from "c:\\Users\\Adryan\\Adryan\\UFOP\\ES1\\Conecta-UFOP\\dataconnect": could not find dataconnect.yaml in `c:\Users\Adryan\Adryan\UFOP\ES1\Conecta-UFOP\dataconnect`
 {"metadata":{"emulator":{"name":"dataconnect"},"message":"E0218 00:31:29.501153   38748 watch.go:40] Failed to load config from \"c:\\\\Users\\\\Adryan\\\\Adryan\\\\UFOP\\\\ES1\\\\Conecta-UFOP\\\\dataconnect\": could not find dataconnect.yaml in `c:\\Users\\Adryan\\Adryan\\UFOP\\ES1\\Conecta-UFOP\\dataconnect`\n"}}
[debug] [2026-02-18T03:31:39.501Z] E0218 00:31:39.500893   38748 watch.go:116] watchAllDir unable to walk dir `c:\Users\Adryan\Adryan\UFOP\ES1\Conecta-UFOP\dataconnect`: CreateFile c:\Users\Adryan\Adryan\UFOP\ES1\Conecta-UFOP\dataconnect: O sistema não pode encontrar o arquivo especificado.
E0218 00:31:39.500893   38748 watch.go:40] Failed to load config from "c:\\Users\\Adryan\\Adryan\\UFOP\\ES1\\Conecta-UFOP\\dataconnect": could not find dataconnect.yaml in `c:\Users\Adryan\Adryan\UFOP\ES1\Conecta-UFOP\dataconnect`
 {"metadata":{"emulator":{"name":"dataconnect"},"message":"E0218 00:31:39.500893   38748 watch.go:116] watchAllDir unable to walk dir `c:\\Users\\Adryan\\Adryan\\UFOP\\ES1\\Conecta-UFOP\\dataconnect`: CreateFile c:\\Users\\Adryan\\Adryan\\UFOP\\ES1\\Conecta-UFOP\\dataconnect: O sistema não pode encontrar o arquivo especificado.\nE0218 00:31:39.500893   38748 watch.go:40] Failed to load config from \"c:\\\\Users\\\\Adryan\\\\Adryan\\\\UFOP\\\\ES1\\\\Conecta-UFOP\\\\dataconnect\": could not find dataconnect.yaml in `c:\\Users\\Adryan\\Adryan\\UFOP\\ES1\\Conecta-UFOP\\dataconnect`\n"}}
[debug] [2026-02-18T03:31:49.501Z] E0218 00:31:49.501027   38748 watch.go:40] Failed to load config from "c:\\Users\\Adryan\\Adryan\\UFOP\\ES1\\Conecta-UFOP\\dataconnect": could not find dataconnect.yaml in `c:\Users\Adryan\Adryan\UFOP\ES1\Conecta-UFOP\dataconnect`
 {"metadata":{"emulator":{"name":"dataconnect"},"message":"E0218 00:31:49.501027   38748 watch.go:40] Failed to load config from \"c:\\\\Users\\\\Adryan\\\\Adryan\\\\UFOP\\\\ES1\\\\Conecta-UFOP\\\\dataconnect\": could not find dataconnect.yaml in `c:\\Users\\Adryan\\Adryan\\UFOP\\ES1\\Conecta-UFOP\\dataconnect`\n"}}
[debug] [2026-02-18T03:31:59.501Z] E0218 00:31:59.501047   38748 watch.go:40] Failed to load config from "c:\\Users\\Adryan\\Adryan\\UFOP\\ES1\\Conecta-UFOP\\dataconnect": could not find dataconnect.yaml in `c:\Users\Adryan\Adryan\UFOP\ES1\Conecta-UFOP\dataconnect`
 {"metadata":{"emulator":{"name":"dataconnect"},"message":"E0218 00:31:59.501047   38748 watch.go:40] Failed to load config from \"c:\\\\Users\\\\Adryan\\\\Adryan\\\\UFOP\\\\ES1\\\\Conecta-UFOP\\\\dataconnect\": could not find dataconnect.yaml in `c:\\Users\\Adryan\\Adryan\\UFOP\\ES1\\Conecta-UFOP\\dataconnect`\n"}}
[debug] [2026-02-18T03:32:09.501Z] E0218 00:32:09.501167   38748 watch.go:40] Failed to load config from "c:\\Users\\Adryan\\Adryan\\UFOP\\ES1\\Conecta-UFOP\\dataconnect": could not find dataconnect.yaml in `c:\Users\Adryan\Adryan\UFOP\ES1\Conecta-UFOP\dataconnect`
 {"metadata":{"emulator":{"name":"dataconnect"},"message":"E0218 00:32:09.501167   38748 watch.go:40] Failed to load config from \"c:\\\\Users\\\\Adryan\\\\Adryan\\\\UFOP\\\\ES1\\\\Conecta-UFOP\\\\dataconnect\": could not find dataconnect.yaml in `c:\\Users\\Adryan\\Adryan\\UFOP\\ES1\\Conecta-UFOP\\dataconnect`\n"}}
[debug] [2026-02-18T03:32:19.501Z] E0218 00:32:19.501161   38748 watch.go:40] Failed to load config from "c:\\Users\\Adryan\\Adryan\\UFOP\\ES1\\Conecta-UFOP\\dataconnect": could not find dataconnect.yaml in `c:\Users\Adryan\Adryan\UFOP\ES1\Conecta-UFOP\dataconnect`
 {"metadata":{"emulator":{"name":"dataconnect"},"message":"E0218 00:32:19.501161   38748 watch.go:40] Failed to load config from \"c:\\\\Users\\\\Adryan\\\\Adryan\\\\UFOP\\\\ES1\\\\Conecta-UFOP\\\\dataconnect\": could not find dataconnect.yaml in `c:\\Users\\Adryan\\Adryan\\UFOP\\ES1\\Conecta-UFOP\\dataconnect`\n"}}
[debug] [2026-02-18T03:32:29.501Z] E0218 00:32:29.501279   38748 watch.go:40] Failed to load config from "c:\\Users\\Adryan\\Adryan\\UFOP\\ES1\\Conecta-UFOP\\dataconnect": could not find dataconnect.yaml in `c:\Users\Adryan\Adryan\UFOP\ES1\Conecta-UFOP\dataconnect`
 {"metadata":{"emulator":{"name":"dataconnect"},"message":"E0218 00:32:29.501279   38748 watch.go:40] Failed to load config from \"c:\\\\Users\\\\Adryan\\\\Adryan\\\\UFOP\\\\ES1\\\\Conecta-UFOP\\\\dataconnect\": could not find dataconnect.yaml in `c:\\Users\\Adryan\\Adryan\\UFOP\\ES1\\Conecta-UFOP\\dataconnect`\n"}}
[debug] [2026-02-18T03:32:39.501Z] E0218 00:32:39.500810   38748 watch.go:116] watchAllDir unable to walk dir `c:\Users\Adryan\Adryan\UFOP\ES1\Conecta-UFOP\dataconnect`: CreateFile c:\Users\Adryan\Adryan\UFOP\ES1\Conecta-UFOP\dataconnect: O sistema não pode encontrar o arquivo especificado.
E0218 00:32:39.500810   38748 watch.go:40] Failed to load config from "c:\\Users\\Adryan\\Adryan\\UFOP\\ES1\\Conecta-UFOP\\dataconnect": could not find dataconnect.yaml in `c:\Users\Adryan\Adryan\UFOP\ES1\Conecta-UFOP\dataconnect`
 {"metadata":{"emulator":{"name":"dataconnect"},"message":"E0218 00:32:39.500810   38748 watch.go:116] watchAllDir unable to walk dir `c:\\Users\\Adryan\\Adryan\\UFOP\\ES1\\Conecta-UFOP\\dataconnect`: CreateFile c:\\Users\\Adryan\\Adryan\\UFOP\\ES1\\Conecta-UFOP\\dataconnect: O sistema não pode encontrar o arquivo especificado.\nE0218 00:32:39.500810   38748 watch.go:40] Failed to load config from \"c:\\\\Users\\\\Adryan\\\\Adryan\\\\UFOP\\\\ES1\\\\Conecta-UFOP\\\\dataconnect\": could not find dataconnect.yaml in `c:\\Users\\Adryan\\Adryan\\UFOP\\ES1\\Conecta-UFOP\\dataconnect`\n"}}
[debug] [2026-02-18T03:32:49.502Z] E0218 00:32:49.501670   38748 watch.go:40] Failed to load config from "c:\\Users\\Adryan\\Adryan\\UFOP\\ES1\\Conecta-UFOP\\dataconnect": could not find dataconnect.yaml in `c:\Users\Adryan\Adryan\UFOP\ES1\Conecta-UFOP\dataconnect`
 {"metadata":{"emulator":{"name":"dataconnect"},"message":"E0218 00:32:49.501670   38748 watch.go:40] Failed to load config from \"c:\\\\Users\\\\Adryan\\\\Adryan\\\\UFOP\\\\ES1\\\\Conecta-UFOP\\\\dataconnect\": could not find dataconnect.yaml in `c:\\Users\\Adryan\\Adryan\\UFOP\\ES1\\Conecta-UFOP\\dataconnect`\n"}}
[debug] [2026-02-18T03:32:59.501Z] E0218 00:32:59.501613   38748 watch.go:40] Failed to load config from "c:\\Users\\Adryan\\Adryan\\UFOP\\ES1\\Conecta-UFOP\\dataconnect": could not find dataconnect.yaml in `c:\Users\Adryan\Adryan\UFOP\ES1\Conecta-UFOP\dataconnect`
 {"metadata":{"emulator":{"name":"dataconnect"},"message":"E0218 00:32:59.501613   38748 watch.go:40] Failed to load config from \"c:\\\\Users\\\\Adryan\\\\Adryan\\\\UFOP\\\\ES1\\\\Conecta-UFOP\\\\dataconnect\": could not find dataconnect.yaml in `c:\\Users\\Adryan\\Adryan\\UFOP\\ES1\\Conecta-UFOP\\dataconnect`\n"}}
[debug] [2026-02-18T03:33:09.501Z] E0218 00:33:09.500902   38748 watch.go:40] Failed to load config from "c:\\Users\\Adryan\\Adryan\\UFOP\\ES1\\Conecta-UFOP\\dataconnect": could not find dataconnect.yaml in `c:\Users\Adryan\Adryan\UFOP\ES1\Conecta-UFOP\dataconnect`
 {"metadata":{"emulator":{"name":"dataconnect"},"message":"E0218 00:33:09.500902   38748 watch.go:40] Failed to load config from \"c:\\\\Users\\\\Adryan\\\\Adryan\\\\UFOP\\\\ES1\\\\Conecta-UFOP\\\\dataconnect\": could not find dataconnect.yaml in `c:\\Users\\Adryan\\Adryan\\UFOP\\ES1\\Conecta-UFOP\\dataconnect`\n"}}
[debug] [2026-02-18T03:33:19.501Z] E0218 00:33:19.501264   38748 watch.go:40] Failed to load config from "c:\\Users\\Adryan\\Adryan\\UFOP\\ES1\\Conecta-UFOP\\dataconnect": could not find dataconnect.yaml in `c:\Users\Adryan\Adryan\UFOP\ES1\Conecta-UFOP\dataconnect`
 {"metadata":{"emulator":{"name":"dataconnect"},"message":"E0218 00:33:19.501264   38748 watch.go:40] Failed to load config from \"c:\\\\Users\\\\Adryan\\\\Adryan\\\\UFOP\\\\ES1\\\\Conecta-UFOP\\\\dataconnect\": could not find dataconnect.yaml in `c:\\Users\\Adryan\\Adryan\\UFOP\\ES1\\Conecta-UFOP\\dataconnect`\n"}}
[debug] [2026-02-18T03:33:29.501Z] E0218 00:33:29.501193   38748 watch.go:40] Failed to load config from "c:\\Users\\Adryan\\Adryan\\UFOP\\ES1\\Conecta-UFOP\\dataconnect": could not find dataconnect.yaml in `c:\Users\Adryan\Adryan\UFOP\ES1\Conecta-UFOP\dataconnect`
 {"metadata":{"emulator":{"name":"dataconnect"},"message":"E0218 00:33:29.501193   38748 watch.go:40] Failed to load config from \"c:\\\\Users\\\\Adryan\\\\Adryan\\\\UFOP\\\\ES1\\\\Conecta-UFOP\\\\dataconnect\": could not find dataconnect.yaml in `c:\\Users\\Adryan\\Adryan\\UFOP\\ES1\\Conecta-UFOP\\dataconnect`\n"}}
[debug] [2026-02-18T03:33:39.501Z] E0218 00:33:39.501209   38748 watch.go:116] watchAllDir unable to walk dir `c:\Users\Adryan\Adryan\UFOP\ES1\Conecta-UFOP\dataconnect`: CreateFile c:\Users\Adryan\Adryan\UFOP\ES1\Conecta-UFOP\dataconnect: O sistema não pode encontrar o arquivo especificado.
E0218 00:33:39.501209   38748 watch.go:40] Failed to load config from "c:\\Users\\Adryan\\Adryan\\UFOP\\ES1\\Conecta-UFOP\\dataconnect": could not find dataconnect.yaml in `c:\Users\Adryan\Adryan\UFOP\ES1\Conecta-UFOP\dataconnect`
 {"metadata":{"emulator":{"name":"dataconnect"},"message":"E0218 00:33:39.501209   38748 watch.go:116] watchAllDir unable to walk dir `c:\\Users\\Adryan\\Adryan\\UFOP\\ES1\\Conecta-UFOP\\dataconnect`: CreateFile c:\\Users\\Adryan\\Adryan\\UFOP\\ES1\\Conecta-UFOP\\dataconnect: O sistema não pode encontrar o arquivo especificado.\nE0218 00:33:39.501209   38748 watch.go:40] Failed to load config from \"c:\\\\Users\\\\Adryan\\\\Adryan\\\\UFOP\\\\ES1\\\\Conecta-UFOP\\\\dataconnect\": could not find dataconnect.yaml in `c:\\Users\\Adryan\\Adryan\\UFOP\\ES1\\Conecta-UFOP\\dataconnect`\n"}}
[debug] [2026-02-18T03:33:49.501Z] E0218 00:33:49.501399   38748 watch.go:40] Failed to load config from "c:\\Users\\Adryan\\Adryan\\UFOP\\ES1\\Conecta-UFOP\\dataconnect": could not find dataconnect.yaml in `c:\Users\Adryan\Adryan\UFOP\ES1\Conecta-UFOP\dataconnect`
 {"metadata":{"emulator":{"name":"dataconnect"},"message":"E0218 00:33:49.501399   38748 watch.go:40] Failed to load config from \"c:\\\\Users\\\\Adryan\\\\Adryan\\\\UFOP\\\\ES1\\\\Conecta-UFOP\\\\dataconnect\": could not find dataconnect.yaml in `c:\\Users\\Adryan\\Adryan\\UFOP\\ES1\\Conecta-UFOP\\dataconnect`\n"}}
[debug] [2026-02-18T03:33:59.500Z] E0218 00:33:59.500812   38748 watch.go:40] Failed to load config from "c:\\Users\\Adryan\\Adryan\\UFOP\\ES1\\Conecta-UFOP\\dataconnect": could not find dataconnect.yaml in `c:\Users\Adryan\Adryan\UFOP\ES1\Conecta-UFOP\dataconnect`
 {"metadata":{"emulator":{"name":"dataconnect"},"message":"E0218 00:33:59.500812   38748 watch.go:40] Failed to load config from \"c:\\\\Users\\\\Adryan\\\\Adryan\\\\UFOP\\\\ES1\\\\Conecta-UFOP\\\\dataconnect\": could not find dataconnect.yaml in `c:\\Users\\Adryan\\Adryan\\UFOP\\ES1\\Conecta-UFOP\\dataconnect`\n"}}
[debug] [2026-02-18T03:34:09.501Z] E0218 00:34:09.500941   38748 watch.go:40] Failed to load config from "c:\\Users\\Adryan\\Adryan\\UFOP\\ES1\\Conecta-UFOP\\dataconnect": could not find dataconnect.yaml in `c:\Users\Adryan\Adryan\UFOP\ES1\Conecta-UFOP\dataconnect`
 {"metadata":{"emulator":{"name":"dataconnect"},"message":"E0218 00:34:09.500941   38748 watch.go:40] Failed to load config from \"c:\\\\Users\\\\Adryan\\\\Adryan\\\\UFOP\\\\ES1\\\\Conecta-UFOP\\\\dataconnect\": could not find dataconnect.yaml in `c:\\Users\\Adryan\\Adryan\\UFOP\\ES1\\Conecta-UFOP\\dataconnect`\n"}}
[debug] [2026-02-18T03:34:19.501Z] E0218 00:34:19.500936   38748 watch.go:40] Failed to load config from "c:\\Users\\Adryan\\Adryan\\UFOP\\ES1\\Conecta-UFOP\\dataconnect": could not find dataconnect.yaml in `c:\Users\Adryan\Adryan\UFOP\ES1\Conecta-UFOP\dataconnect`
 {"metadata":{"emulator":{"name":"dataconnect"},"message":"E0218 00:34:19.500936   38748 watch.go:40] Failed to load config from \"c:\\\\Users\\\\Adryan\\\\Adryan\\\\UFOP\\\\ES1\\\\Conecta-UFOP\\\\dataconnect\": could not find dataconnect.yaml in `c:\\Users\\Adryan\\Adryan\\UFOP\\ES1\\Conecta-UFOP\\dataconnect`\n"}}
[debug] [2026-02-18T03:34:29.501Z] E0218 00:34:29.501773   38748 watch.go:40] Failed to load config from "c:\\Users\\Adryan\\Adryan\\UFOP\\ES1\\Conecta-UFOP\\dataconnect": could not find dataconnect.yaml in `c:\Users\Adryan\Adryan\UFOP\ES1\Conecta-UFOP\dataconnect`
 {"metadata":{"emulator":{"name":"dataconnect"},"message":"E0218 00:34:29.501773   38748 watch.go:40] Failed to load config from \"c:\\\\Users\\\\Adryan\\\\Adryan\\\\UFOP\\\\ES1\\\\Conecta-UFOP\\\\dataconnect\": could not find dataconnect.yaml in `c:\\Users\\Adryan\\Adryan\\UFOP\\ES1\\Conecta-UFOP\\dataconnect`\n"}}
[debug] [2026-02-18T03:34:39.501Z] E0218 00:34:39.501247   38748 watch.go:40] Failed to load config from "c:\\Users\\Adryan\\Adryan\\UFOP\\ES1\\Conecta-UFOP\\dataconnect": could not find dataconnect.yaml in `c:\Users\Adryan\Adryan\UFOP\ES1\Conecta-UFOP\dataconnect`
E0218 00:34:39.501247   38748 watch.go:116] watchAllDir unable to walk dir `c:\Users\Adryan\Adryan\UFOP\ES1\Conecta-UFOP\dataconnect`: CreateFile c:\Users\Adryan\Adryan\UFOP\ES1\Conecta-UFOP\dataconnect: O sistema não pode encontrar o arquivo especificado.
 {"metadata":{"emulator":{"name":"dataconnect"},"message":"E0218 00:34:39.501247   38748 watch.go:40] Failed to load config from \"c:\\\\Users\\\\Adryan\\\\Adryan\\\\UFOP\\\\ES1\\\\Conecta-UFOP\\\\dataconnect\": could not find dataconnect.yaml in `c:\\Users\\Adryan\\Adryan\\UFOP\\ES1\\Conecta-UFOP\\dataconnect`\nE0218 00:34:39.501247   38748 watch.go:116] watchAllDir unable to walk dir `c:\\Users\\Adryan\\Adryan\\UFOP\\ES1\\Conecta-UFOP\\dataconnect`: CreateFile c:\\Users\\Adryan\\Adryan\\UFOP\\ES1\\Conecta-UFOP\\dataconnect: O sistema não pode encontrar o arquivo especificado.\n"}}
[debug] [2026-02-18T03:34:49.501Z] E0218 00:34:49.501218   38748 watch.go:40] Failed to load config from "c:\\Users\\Adryan\\Adryan\\UFOP\\ES1\\Conecta-UFOP\\dataconnect": could not find dataconnect.yaml in `c:\Users\Adryan\Adryan\UFOP\ES1\Conecta-UFOP\dataconnect`
 {"metadata":{"emulator":{"name":"dataconnect"},"message":"E0218 00:34:49.501218   38748 watch.go:40] Failed to load config from \"c:\\\\Users\\\\Adryan\\\\Adryan\\\\UFOP\\\\ES1\\\\Conecta-UFOP\\\\dataconnect\": could not find dataconnect.yaml in `c:\\Users\\Adryan\\Adryan\\UFOP\\ES1\\Conecta-UFOP\\dataconnect`\n"}}
[debug] [2026-02-18T03:34:59.501Z] E0218 00:34:59.500860   38748 watch.go:40] Failed to load config from "c:\\Users\\Adryan\\Adryan\\UFOP\\ES1\\Conecta-UFOP\\dataconnect": could not find dataconnect.yaml in `c:\Users\Adryan\Adryan\UFOP\ES1\Conecta-UFOP\dataconnect`
 {"metadata":{"emulator":{"name":"dataconnect"},"message":"E0218 00:34:59.500860   38748 watch.go:40] Failed to load config from \"c:\\\\Users\\\\Adryan\\\\Adryan\\\\UFOP\\\\ES1\\\\Conecta-UFOP\\\\dataconnect\": could not find dataconnect.yaml in `c:\\Users\\Adryan\\Adryan\\UFOP\\ES1\\Conecta-UFOP\\dataconnect`\n"}}
[debug] [2026-02-18T03:35:09.501Z] E0218 00:35:09.500838   38748 watch.go:40] Failed to load config from "c:\\Users\\Adryan\\Adryan\\UFOP\\ES1\\Conecta-UFOP\\dataconnect": could not find dataconnect.yaml in `c:\Users\Adryan\Adryan\UFOP\ES1\Conecta-UFOP\dataconnect`
 {"metadata":{"emulator":{"name":"dataconnect"},"message":"E0218 00:35:09.500838   38748 watch.go:40] Failed to load config from \"c:\\\\Users\\\\Adryan\\\\Adryan\\\\UFOP\\\\ES1\\\\Conecta-UFOP\\\\dataconnect\": could not find dataconnect.yaml in `c:\\Users\\Adryan\\Adryan\\UFOP\\ES1\\Conecta-UFOP\\dataconnect`\n"}}
[debug] [2026-02-18T03:35:19.501Z] E0218 00:35:19.501207   38748 watch.go:40] Failed to load config from "c:\\Users\\Adryan\\Adryan\\UFOP\\ES1\\Conecta-UFOP\\dataconnect": could not find dataconnect.yaml in `c:\Users\Adryan\Adryan\UFOP\ES1\Conecta-UFOP\dataconnect`
 {"metadata":{"emulator":{"name":"dataconnect"},"message":"E0218 00:35:19.501207   38748 watch.go:40] Failed to load config from \"c:\\\\Users\\\\Adryan\\\\Adryan\\\\UFOP\\\\ES1\\\\Conecta-UFOP\\\\dataconnect\": could not find dataconnect.yaml in `c:\\Users\\Adryan\\Adryan\\UFOP\\ES1\\Conecta-UFOP\\dataconnect`\n"}}
[debug] [2026-02-18T03:35:29.501Z] E0218 00:35:29.501266   38748 watch.go:40] Failed to load config from "c:\\Users\\Adryan\\Adryan\\UFOP\\ES1\\Conecta-UFOP\\dataconnect": could not find dataconnect.yaml in `c:\Users\Adryan\Adryan\UFOP\ES1\Conecta-UFOP\dataconnect`
 {"metadata":{"emulator":{"name":"dataconnect"},"message":"E0218 00:35:29.501266   38748 watch.go:40] Failed to load config from \"c:\\\\Users\\\\Adryan\\\\Adryan\\\\UFOP\\\\ES1\\\\Conecta-UFOP\\\\dataconnect\": could not find dataconnect.yaml in `c:\\Users\\Adryan\\Adryan\\UFOP\\ES1\\Conecta-UFOP\\dataconnect`\n"}}
[debug] [2026-02-18T03:35:39.501Z] E0218 00:35:39.501300   38748 watch.go:116] watchAllDir unable to walk dir `c:\Users\Adryan\Adryan\UFOP\ES1\Conecta-UFOP\dataconnect`: CreateFile c:\Users\Adryan\Adryan\UFOP\ES1\Conecta-UFOP\dataconnect: O sistema não pode encontrar o arquivo especificado.
 {"metadata":{"emulator":{"name":"dataconnect"},"message":"E0218 00:35:39.501300   38748 watch.go:116] watchAllDir unable to walk dir `c:\\Users\\Adryan\\Adryan\\UFOP\\ES1\\Conecta-UFOP\\dataconnect`: CreateFile c:\\Users\\Adryan\\Adryan\\UFOP\\ES1\\Conecta-UFOP\\dataconnect: O sistema não pode encontrar o arquivo especificado.\n"}}
[debug] [2026-02-18T03:35:39.502Z] E0218 00:35:39.501300   38748 watch.go:40] Failed to load config from "c:\\Users\\Adryan\\Adryan\\UFOP\\ES1\\Conecta-UFOP\\dataconnect": could not find dataconnect.yaml in `c:\Users\Adryan\Adryan\UFOP\ES1\Conecta-UFOP\dataconnect`
 {"metadata":{"emulator":{"name":"dataconnect"},"message":"E0218 00:35:39.501300   38748 watch.go:40] Failed to load config from \"c:\\\\Users\\\\Adryan\\\\Adryan\\\\UFOP\\\\ES1\\\\Conecta-UFOP\\\\dataconnect\": could not find dataconnect.yaml in `c:\\Users\\Adryan\\Adryan\\UFOP\\ES1\\Conecta-UFOP\\dataconnect`\n"}}
[debug] [2026-02-18T03:35:49.501Z] E0218 00:35:49.500955   38748 watch.go:40] Failed to load config from "c:\\Users\\Adryan\\Adryan\\UFOP\\ES1\\Conecta-UFOP\\dataconnect": could not find dataconnect.yaml in `c:\Users\Adryan\Adryan\UFOP\ES1\Conecta-UFOP\dataconnect`
 {"metadata":{"emulator":{"name":"dataconnect"},"message":"E0218 00:35:49.500955   38748 watch.go:40] Failed to load config from \"c:\\\\Users\\\\Adryan\\\\Adryan\\\\UFOP\\\\ES1\\\\Conecta-UFOP\\\\dataconnect\": could not find dataconnect.yaml in `c:\\Users\\Adryan\\Adryan\\UFOP\\ES1\\Conecta-UFOP\\dataconnect`\n"}}
[debug] [2026-02-18T03:35:59.501Z] E0218 00:35:59.501156   38748 watch.go:40] Failed to load config from "c:\\Users\\Adryan\\Adryan\\UFOP\\ES1\\Conecta-UFOP\\dataconnect": could not find dataconnect.yaml in `c:\Users\Adryan\Adryan\UFOP\ES1\Conecta-UFOP\dataconnect`
 {"metadata":{"emulator":{"name":"dataconnect"},"message":"E0218 00:35:59.501156   38748 watch.go:40] Failed to load config from \"c:\\\\Users\\\\Adryan\\\\Adryan\\\\UFOP\\\\ES1\\\\Conecta-UFOP\\\\dataconnect\": could not find dataconnect.yaml in `c:\\Users\\Adryan\\Adryan\\UFOP\\ES1\\Conecta-UFOP\\dataconnect`\n"}}
[debug] [2026-02-18T03:36:09.501Z] E0218 00:36:09.500810   38748 watch.go:40] Failed to load config from "c:\\Users\\Adryan\\Adryan\\UFOP\\ES1\\Conecta-UFOP\\dataconnect": could not find dataconnect.yaml in `c:\Users\Adryan\Adryan\UFOP\ES1\Conecta-UFOP\dataconnect`
 {"metadata":{"emulator":{"name":"dataconnect"},"message":"E0218 00:36:09.500810   38748 watch.go:40] Failed to load config from \"c:\\\\Users\\\\Adryan\\\\Adryan\\\\UFOP\\\\ES1\\\\Conecta-UFOP\\\\dataconnect\": could not find dataconnect.yaml in `c:\\Users\\Adryan\\Adryan\\UFOP\\ES1\\Conecta-UFOP\\dataconnect`\n"}}
[debug] [2026-02-18T03:36:19.501Z] E0218 00:36:19.501448   38748 watch.go:40] Failed to load config from "c:\\Users\\Adryan\\Adryan\\UFOP\\ES1\\Conecta-UFOP\\dataconnect": could not find dataconnect.yaml in `c:\Users\Adryan\Adryan\UFOP\ES1\Conecta-UFOP\dataconnect`
 {"metadata":{"emulator":{"name":"dataconnect"},"message":"E0218 00:36:19.501448   38748 watch.go:40] Failed to load config from \"c:\\\\Users\\\\Adryan\\\\Adryan\\\\UFOP\\\\ES1\\\\Conecta-UFOP\\\\dataconnect\": could not find dataconnect.yaml in `c:\\Users\\Adryan\\Adryan\\UFOP\\ES1\\Conecta-UFOP\\dataconnect`\n"}}
[debug] [2026-02-18T03:36:29.501Z] E0218 00:36:29.501223   38748 watch.go:40] Failed to load config from "c:\\Users\\Adryan\\Adryan\\UFOP\\ES1\\Conecta-UFOP\\dataconnect": could not find dataconnect.yaml in `c:\Users\Adryan\Adryan\UFOP\ES1\Conecta-UFOP\dataconnect`
 {"metadata":{"emulator":{"name":"dataconnect"},"message":"E0218 00:36:29.501223   38748 watch.go:40] Failed to load config from \"c:\\\\Users\\\\Adryan\\\\Adryan\\\\UFOP\\\\ES1\\\\Conecta-UFOP\\\\dataconnect\": could not find dataconnect.yaml in `c:\\Users\\Adryan\\Adryan\\UFOP\\ES1\\Conecta-UFOP\\dataconnect`\n"}}
[debug] [2026-02-18T03:36:39.501Z] E0218 00:36:39.500933   38748 watch.go:116] watchAllDir unable to walk dir `c:\Users\Adryan\Adryan\UFOP\ES1\Conecta-UFOP\dataconnect`: CreateFile c:\Users\Adryan\Adryan\UFOP\ES1\Conecta-UFOP\dataconnect: O sistema não pode encontrar o arquivo especificado.
E0218 00:36:39.500933   38748 watch.go:40] Failed to load config from "c:\\Users\\Adryan\\Adryan\\UFOP\\ES1\\Conecta-UFOP\\dataconnect": could not find dataconnect.yaml in `c:\Users\Adryan\Adryan\UFOP\ES1\Conecta-UFOP\dataconnect`
 {"metadata":{"emulator":{"name":"dataconnect"},"message":"E0218 00:36:39.500933   38748 watch.go:116] watchAllDir unable to walk dir `c:\\Users\\Adryan\\Adryan\\UFOP\\ES1\\Conecta-UFOP\\dataconnect`: CreateFile c:\\Users\\Adryan\\Adryan\\UFOP\\ES1\\Conecta-UFOP\\dataconnect: O sistema não pode encontrar o arquivo especificado.\nE0218 00:36:39.500933   38748 watch.go:40] Failed to load config from \"c:\\\\Users\\\\Adryan\\\\Adryan\\\\UFOP\\\\ES1\\\\Conecta-UFOP\\\\dataconnect\": could not find dataconnect.yaml in `c:\\Users\\Adryan\\Adryan\\UFOP\\ES1\\Conecta-UFOP\\dataconnect`\n"}}
[debug] [2026-02-18T03:36:49.501Z] E0218 00:36:49.501112   38748 watch.go:40] Failed to load config from "c:\\Users\\Adryan\\Adryan\\UFOP\\ES1\\Conecta-UFOP\\dataconnect": could not find dataconnect.yaml in `c:\Users\Adryan\Adryan\UFOP\ES1\Conecta-UFOP\dataconnect`
 {"metadata":{"emulator":{"name":"dataconnect"},"message":"E0218 00:36:49.501112   38748 watch.go:40] Failed to load config from \"c:\\\\Users\\\\Adryan\\\\Adryan\\\\UFOP\\\\ES1\\\\Conecta-UFOP\\\\dataconnect\": could not find dataconnect.yaml in `c:\\Users\\Adryan\\Adryan\\UFOP\\ES1\\Conecta-UFOP\\dataconnect`\n"}}
[debug] [2026-02-18T03:36:59.501Z] E0218 00:36:59.500864   38748 watch.go:40] Failed to load config from "c:\\Users\\Adryan\\Adryan\\UFOP\\ES1\\Conecta-UFOP\\dataconnect": could not find dataconnect.yaml in `c:\Users\Adryan\Adryan\UFOP\ES1\Conecta-UFOP\dataconnect`
 {"metadata":{"emulator":{"name":"dataconnect"},"message":"E0218 00:36:59.500864   38748 watch.go:40] Failed to load config from \"c:\\\\Users\\\\Adryan\\\\Adryan\\\\UFOP\\\\ES1\\\\Conecta-UFOP\\\\dataconnect\": could not find dataconnect.yaml in `c:\\Users\\Adryan\\Adryan\\UFOP\\ES1\\Conecta-UFOP\\dataconnect`\n"}}
[debug] [2026-02-18T03:37:09.501Z] E0218 00:37:09.501150   38748 watch.go:40] Failed to load config from "c:\\Users\\Adryan\\Adryan\\UFOP\\ES1\\Conecta-UFOP\\dataconnect": could not find dataconnect.yaml in `c:\Users\Adryan\Adryan\UFOP\ES1\Conecta-UFOP\dataconnect`
 {"metadata":{"emulator":{"name":"dataconnect"},"message":"E0218 00:37:09.501150   38748 watch.go:40] Failed to load config from \"c:\\\\Users\\\\Adryan\\\\Adryan\\\\UFOP\\\\ES1\\\\Conecta-UFOP\\\\dataconnect\": could not find dataconnect.yaml in `c:\\Users\\Adryan\\Adryan\\UFOP\\ES1\\Conecta-UFOP\\dataconnect`\n"}}
[debug] [2026-02-18T03:37:19.501Z] E0218 00:37:19.500979   38748 watch.go:40] Failed to load config from "c:\\Users\\Adryan\\Adryan\\UFOP\\ES1\\Conecta-UFOP\\dataconnect": could not find dataconnect.yaml in `c:\Users\Adryan\Adryan\UFOP\ES1\Conecta-UFOP\dataconnect`
 {"metadata":{"emulator":{"name":"dataconnect"},"message":"E0218 00:37:19.500979   38748 watch.go:40] Failed to load config from \"c:\\\\Users\\\\Adryan\\\\Adryan\\\\UFOP\\\\ES1\\\\Conecta-UFOP\\\\dataconnect\": could not find dataconnect.yaml in `c:\\Users\\Adryan\\Adryan\\UFOP\\ES1\\Conecta-UFOP\\dataconnect`\n"}}
[debug] [2026-02-18T03:37:29.501Z] E0218 00:37:29.501144   38748 watch.go:40] Failed to load config from "c:\\Users\\Adryan\\Adryan\\UFOP\\ES1\\Conecta-UFOP\\dataconnect": could not find dataconnect.yaml in `c:\Users\Adryan\Adryan\UFOP\ES1\Conecta-UFOP\dataconnect`
 {"metadata":{"emulator":{"name":"dataconnect"},"message":"E0218 00:37:29.501144   38748 watch.go:40] Failed to load config from \"c:\\\\Users\\\\Adryan\\\\Adryan\\\\UFOP\\\\ES1\\\\Conecta-UFOP\\\\dataconnect\": could not find dataconnect.yaml in `c:\\Users\\Adryan\\Adryan\\UFOP\\ES1\\Conecta-UFOP\\dataconnect`\n"}}
[debug] [2026-02-18T03:37:39.501Z] E0218 00:37:39.500834   38748 watch.go:116] watchAllDir unable to walk dir `c:\Users\Adryan\Adryan\UFOP\ES1\Conecta-UFOP\dataconnect`: CreateFile c:\Users\Adryan\Adryan\UFOP\ES1\Conecta-UFOP\dataconnect: O sistema não pode encontrar o arquivo especificado.
 {"metadata":{"emulator":{"name":"dataconnect"},"message":"E0218 00:37:39.500834   38748 watch.go:116] watchAllDir unable to walk dir `c:\\Users\\Adryan\\Adryan\\UFOP\\ES1\\Conecta-UFOP\\dataconnect`: CreateFile c:\\Users\\Adryan\\Adryan\\UFOP\\ES1\\Conecta-UFOP\\dataconnect: O sistema não pode encontrar o arquivo especificado.\n"}}
[debug] [2026-02-18T03:37:39.501Z] E0218 00:37:39.500834   38748 watch.go:40] Failed to load config from "c:\\Users\\Adryan\\Adryan\\UFOP\\ES1\\Conecta-UFOP\\dataconnect": could not find dataconnect.yaml in `c:\Users\Adryan\Adryan\UFOP\ES1\Conecta-UFOP\dataconnect`
 {"metadata":{"emulator":{"name":"dataconnect"},"message":"E0218 00:37:39.500834   38748 watch.go:40] Failed to load config from \"c:\\\\Users\\\\Adryan\\\\Adryan\\\\UFOP\\\\ES1\\\\Conecta-UFOP\\\\dataconnect\": could not find dataconnect.yaml in `c:\\Users\\Adryan\\Adryan\\UFOP\\ES1\\Conecta-UFOP\\dataconnect`\n"}}
[debug] [2026-02-18T03:37:49.501Z] E0218 00:37:49.500858   38748 watch.go:40] Failed to load config from "c:\\Users\\Adryan\\Adryan\\UFOP\\ES1\\Conecta-UFOP\\dataconnect": could not find dataconnect.yaml in `c:\Users\Adryan\Adryan\UFOP\ES1\Conecta-UFOP\dataconnect`
 {"metadata":{"emulator":{"name":"dataconnect"},"message":"E0218 00:37:49.500858   38748 watch.go:40] Failed to load config from \"c:\\\\Users\\\\Adryan\\\\Adryan\\\\UFOP\\\\ES1\\\\Conecta-UFOP\\\\dataconnect\": could not find dataconnect.yaml in `c:\\Users\\Adryan\\Adryan\\UFOP\\ES1\\Conecta-UFOP\\dataconnect`\n"}}
[debug] [2026-02-18T03:37:59.501Z] E0218 00:37:59.501137   38748 watch.go:40] Failed to load config from "c:\\Users\\Adryan\\Adryan\\UFOP\\ES1\\Conecta-UFOP\\dataconnect": could not find dataconnect.yaml in `c:\Users\Adryan\Adryan\UFOP\ES1\Conecta-UFOP\dataconnect`
 {"metadata":{"emulator":{"name":"dataconnect"},"message":"E0218 00:37:59.501137   38748 watch.go:40] Failed to load config from \"c:\\\\Users\\\\Adryan\\\\Adryan\\\\UFOP\\\\ES1\\\\Conecta-UFOP\\\\dataconnect\": could not find dataconnect.yaml in `c:\\Users\\Adryan\\Adryan\\UFOP\\ES1\\Conecta-UFOP\\dataconnect`\n"}}
[debug] [2026-02-18T03:38:09.501Z] E0218 00:38:09.501000   38748 watch.go:40] Failed to load config from "c:\\Users\\Adryan\\Adryan\\UFOP\\ES1\\Conecta-UFOP\\dataconnect": could not find dataconnect.yaml in `c:\Users\Adryan\Adryan\UFOP\ES1\Conecta-UFOP\dataconnect`
 {"metadata":{"emulator":{"name":"dataconnect"},"message":"E0218 00:38:09.501000   38748 watch.go:40] Failed to load config from \"c:\\\\Users\\\\Adryan\\\\Adryan\\\\UFOP\\\\ES1\\\\Conecta-UFOP\\\\dataconnect\": could not find dataconnect.yaml in `c:\\Users\\Adryan\\Adryan\\UFOP\\ES1\\Conecta-UFOP\\dataconnect`\n"}}
[debug] [2026-02-18T03:38:19.501Z] E0218 00:38:19.500858   38748 watch.go:40] Failed to load config from "c:\\Users\\Adryan\\Adryan\\UFOP\\ES1\\Conecta-UFOP\\dataconnect": could not find dataconnect.yaml in `c:\Users\Adryan\Adryan\UFOP\ES1\Conecta-UFOP\dataconnect`
 {"metadata":{"emulator":{"name":"dataconnect"},"message":"E0218 00:38:19.500858   38748 watch.go:40] Failed to load config from \"c:\\\\Users\\\\Adryan\\\\Adryan\\\\UFOP\\\\ES1\\\\Conecta-UFOP\\\\dataconnect\": could not find dataconnect.yaml in `c:\\Users\\Adryan\\Adryan\\UFOP\\ES1\\Conecta-UFOP\\dataconnect`\n"}}
[debug] [2026-02-18T03:38:29.501Z] E0218 00:38:29.501318   38748 watch.go:40] Failed to load config from "c:\\Users\\Adryan\\Adryan\\UFOP\\ES1\\Conecta-UFOP\\dataconnect": could not find dataconnect.yaml in `c:\Users\Adryan\Adryan\UFOP\ES1\Conecta-UFOP\dataconnect`
 {"metadata":{"emulator":{"name":"dataconnect"},"message":"E0218 00:38:29.501318   38748 watch.go:40] Failed to load config from \"c:\\\\Users\\\\Adryan\\\\Adryan\\\\UFOP\\\\ES1\\\\Conecta-UFOP\\\\dataconnect\": could not find dataconnect.yaml in `c:\\Users\\Adryan\\Adryan\\UFOP\\ES1\\Conecta-UFOP\\dataconnect`\n"}}
[debug] [2026-02-18T03:38:39.501Z] E0218 00:38:39.501169   38748 watch.go:116] watchAllDir unable to walk dir `c:\Users\Adryan\Adryan\UFOP\ES1\Conecta-UFOP\dataconnect`: CreateFile c:\Users\Adryan\Adryan\UFOP\ES1\Conecta-UFOP\dataconnect: O sistema não pode encontrar o arquivo especificado.
E0218 00:38:39.501169   38748 watch.go:40] Failed to load config from "c:\\Users\\Adryan\\Adryan\\UFOP\\ES1\\Conecta-UFOP\\dataconnect": could not find dataconnect.yaml in `c:\Users\Adryan\Adryan\UFOP\ES1\Conecta-UFOP\dataconnect`
 {"metadata":{"emulator":{"name":"dataconnect"},"message":"E0218 00:38:39.501169   38748 watch.go:116] watchAllDir unable to walk dir `c:\\Users\\Adryan\\Adryan\\UFOP\\ES1\\Conecta-UFOP\\dataconnect`: CreateFile c:\\Users\\Adryan\\Adryan\\UFOP\\ES1\\Conecta-UFOP\\dataconnect: O sistema não pode encontrar o arquivo especificado.\nE0218 00:38:39.501169   38748 watch.go:40] Failed to load config from \"c:\\\\Users\\\\Adryan\\\\Adryan\\\\UFOP\\\\ES1\\\\Conecta-UFOP\\\\dataconnect\": could not find dataconnect.yaml in `c:\\Users\\Adryan\\Adryan\\UFOP\\ES1\\Conecta-UFOP\\dataconnect`\n"}}
[debug] [2026-02-18T03:38:49.501Z] E0218 00:38:49.501309   38748 watch.go:40] Failed to load config from "c:\\Users\\Adryan\\Adryan\\UFOP\\ES1\\Conecta-UFOP\\dataconnect": could not find dataconnect.yaml in `c:\Users\Adryan\Adryan\UFOP\ES1\Conecta-UFOP\dataconnect`
 {"metadata":{"emulator":{"name":"dataconnect"},"message":"E0218 00:38:49.501309   38748 watch.go:40] Failed to load config from \"c:\\\\Users\\\\Adryan\\\\Adryan\\\\UFOP\\\\ES1\\\\Conecta-UFOP\\\\dataconnect\": could not find dataconnect.yaml in `c:\\Users\\Adryan\\Adryan\\UFOP\\ES1\\Conecta-UFOP\\dataconnect`\n"}}
[debug] [2026-02-18T03:38:59.501Z] E0218 00:38:59.500844   38748 watch.go:40] Failed to load config from "c:\\Users\\Adryan\\Adryan\\UFOP\\ES1\\Conecta-UFOP\\dataconnect": could not find dataconnect.yaml in `c:\Users\Adryan\Adryan\UFOP\ES1\Conecta-UFOP\dataconnect`
 {"metadata":{"emulator":{"name":"dataconnect"},"message":"E0218 00:38:59.500844   38748 watch.go:40] Failed to load config from \"c:\\\\Users\\\\Adryan\\\\Adryan\\\\UFOP\\\\ES1\\\\Conecta-UFOP\\\\dataconnect\": could not find dataconnect.yaml in `c:\\Users\\Adryan\\Adryan\\UFOP\\ES1\\Conecta-UFOP\\dataconnect`\n"}}
[debug] [2026-02-18T03:39:09.501Z] E0218 00:39:09.500879   38748 watch.go:40] Failed to load config from "c:\\Users\\Adryan\\Adryan\\UFOP\\ES1\\Conecta-UFOP\\dataconnect": could not find dataconnect.yaml in `c:\Users\Adryan\Adryan\UFOP\ES1\Conecta-UFOP\dataconnect`
 {"metadata":{"emulator":{"name":"dataconnect"},"message":"E0218 00:39:09.500879   38748 watch.go:40] Failed to load config from \"c:\\\\Users\\\\Adryan\\\\Adryan\\\\UFOP\\\\ES1\\\\Conecta-UFOP\\\\dataconnect\": could not find dataconnect.yaml in `c:\\Users\\Adryan\\Adryan\\UFOP\\ES1\\Conecta-UFOP\\dataconnect`\n"}}
[debug] [2026-02-18T03:39:19.501Z] E0218 00:39:19.501000   38748 watch.go:40] Failed to load config from "c:\\Users\\Adryan\\Adryan\\UFOP\\ES1\\Conecta-UFOP\\dataconnect": could not find dataconnect.yaml in `c:\Users\Adryan\Adryan\UFOP\ES1\Conecta-UFOP\dataconnect`
 {"metadata":{"emulator":{"name":"dataconnect"},"message":"E0218 00:39:19.501000   38748 watch.go:40] Failed to load config from \"c:\\\\Users\\\\Adryan\\\\Adryan\\\\UFOP\\\\ES1\\\\Conecta-UFOP\\\\dataconnect\": could not find dataconnect.yaml in `c:\\Users\\Adryan\\Adryan\\UFOP\\ES1\\Conecta-UFOP\\dataconnect`\n"}}
[debug] [2026-02-18T03:39:29.501Z] E0218 00:39:29.501212   38748 watch.go:40] Failed to load config from "c:\\Users\\Adryan\\Adryan\\UFOP\\ES1\\Conecta-UFOP\\dataconnect": could not find dataconnect.yaml in `c:\Users\Adryan\Adryan\UFOP\ES1\Conecta-UFOP\dataconnect`
 {"metadata":{"emulator":{"name":"dataconnect"},"message":"E0218 00:39:29.501212   38748 watch.go:40] Failed to load config from \"c:\\\\Users\\\\Adryan\\\\Adryan\\\\UFOP\\\\ES1\\\\Conecta-UFOP\\\\dataconnect\": could not find dataconnect.yaml in `c:\\Users\\Adryan\\Adryan\\UFOP\\ES1\\Conecta-UFOP\\dataconnect`\n"}}
[debug] [2026-02-18T03:39:39.501Z] E0218 00:39:39.501283   38748 watch.go:116] watchAllDir unable to walk dir `c:\Users\Adryan\Adryan\UFOP\ES1\Conecta-UFOP\dataconnect`: CreateFile c:\Users\Adryan\Adryan\UFOP\ES1\Conecta-UFOP\dataconnect: O sistema não pode encontrar o arquivo especificado.
E0218 00:39:39.501283   38748 watch.go:40] Failed to load config from "c:\\Users\\Adryan\\Adryan\\UFOP\\ES1\\Conecta-UFOP\\dataconnect": could not find dataconnect.yaml in `c:\Users\Adryan\Adryan\UFOP\ES1\Conecta-UFOP\dataconnect`
 {"metadata":{"emulator":{"name":"dataconnect"},"message":"E0218 00:39:39.501283   38748 watch.go:116] watchAllDir unable to walk dir `c:\\Users\\Adryan\\Adryan\\UFOP\\ES1\\Conecta-UFOP\\dataconnect`: CreateFile c:\\Users\\Adryan\\Adryan\\UFOP\\ES1\\Conecta-UFOP\\dataconnect: O sistema não pode encontrar o arquivo especificado.\nE0218 00:39:39.501283   38748 watch.go:40] Failed to load config from \"c:\\\\Users\\\\Adryan\\\\Adryan\\\\UFOP\\\\ES1\\\\Conecta-UFOP\\\\dataconnect\": could not find dataconnect.yaml in `c:\\Users\\Adryan\\Adryan\\UFOP\\ES1\\Conecta-UFOP\\dataconnect`\n"}}
[debug] [2026-02-18T03:39:49.501Z] E0218 00:39:49.501055   38748 watch.go:40] Failed to load config from "c:\\Users\\Adryan\\Adryan\\UFOP\\ES1\\Conecta-UFOP\\dataconnect": could not find dataconnect.yaml in `c:\Users\Adryan\Adryan\UFOP\ES1\Conecta-UFOP\dataconnect`
 {"metadata":{"emulator":{"name":"dataconnect"},"message":"E0218 00:39:49.501055   38748 watch.go:40] Failed to load config from \"c:\\\\Users\\\\Adryan\\\\Adryan\\\\UFOP\\\\ES1\\\\Conecta-UFOP\\\\dataconnect\": could not find dataconnect.yaml in `c:\\Users\\Adryan\\Adryan\\UFOP\\ES1\\Conecta-UFOP\\dataconnect`\n"}}
[debug] [2026-02-18T03:39:59.501Z] E0218 00:39:59.501153   38748 watch.go:40] Failed to load config from "c:\\Users\\Adryan\\Adryan\\UFOP\\ES1\\Conecta-UFOP\\dataconnect": could not find dataconnect.yaml in `c:\Users\Adryan\Adryan\UFOP\ES1\Conecta-UFOP\dataconnect`
 {"metadata":{"emulator":{"name":"dataconnect"},"message":"E0218 00:39:59.501153   38748 watch.go:40] Failed to load config from \"c:\\\\Users\\\\Adryan\\\\Adryan\\\\UFOP\\\\ES1\\\\Conecta-UFOP\\\\dataconnect\": could not find dataconnect.yaml in `c:\\Users\\Adryan\\Adryan\\UFOP\\ES1\\Conecta-UFOP\\dataconnect`\n"}}
[debug] [2026-02-18T03:40:09.501Z] E0218 00:40:09.500858   38748 watch.go:40] Failed to load config from "c:\\Users\\Adryan\\Adryan\\UFOP\\ES1\\Conecta-UFOP\\dataconnect": could not find dataconnect.yaml in `c:\Users\Adryan\Adryan\UFOP\ES1\Conecta-UFOP\dataconnect`
 {"metadata":{"emulator":{"name":"dataconnect"},"message":"E0218 00:40:09.500858   38748 watch.go:40] Failed to load config from \"c:\\\\Users\\\\Adryan\\\\Adryan\\\\UFOP\\\\ES1\\\\Conecta-UFOP\\\\dataconnect\": could not find dataconnect.yaml in `c:\\Users\\Adryan\\Adryan\\UFOP\\ES1\\Conecta-UFOP\\dataconnect`\n"}}
[debug] [2026-02-18T03:40:19.501Z] E0218 00:40:19.501183   38748 watch.go:40] Failed to load config from "c:\\Users\\Adryan\\Adryan\\UFOP\\ES1\\Conecta-UFOP\\dataconnect": could not find dataconnect.yaml in `c:\Users\Adryan\Adryan\UFOP\ES1\Conecta-UFOP\dataconnect`
 {"metadata":{"emulator":{"name":"dataconnect"},"message":"E0218 00:40:19.501183   38748 watch.go:40] Failed to load config from \"c:\\\\Users\\\\Adryan\\\\Adryan\\\\UFOP\\\\ES1\\\\Conecta-UFOP\\\\dataconnect\": could not find dataconnect.yaml in `c:\\Users\\Adryan\\Adryan\\UFOP\\ES1\\Conecta-UFOP\\dataconnect`\n"}}
[debug] [2026-02-18T03:40:29.501Z] E0218 00:40:29.501305   38748 watch.go:40] Failed to load config from "c:\\Users\\Adryan\\Adryan\\UFOP\\ES1\\Conecta-UFOP\\dataconnect": could not find dataconnect.yaml in `c:\Users\Adryan\Adryan\UFOP\ES1\Conecta-UFOP\dataconnect`
 {"metadata":{"emulator":{"name":"dataconnect"},"message":"E0218 00:40:29.501305   38748 watch.go:40] Failed to load config from \"c:\\\\Users\\\\Adryan\\\\Adryan\\\\UFOP\\\\ES1\\\\Conecta-UFOP\\\\dataconnect\": could not find dataconnect.yaml in `c:\\Users\\Adryan\\Adryan\\UFOP\\ES1\\Conecta-UFOP\\dataconnect`\n"}}
[debug] [2026-02-18T03:40:39.501Z] E0218 00:40:39.501154   38748 watch.go:116] watchAllDir unable to walk dir `c:\Users\Adryan\Adryan\UFOP\ES1\Conecta-UFOP\dataconnect`: CreateFile c:\Users\Adryan\Adryan\UFOP\ES1\Conecta-UFOP\dataconnect: O sistema não pode encontrar o arquivo especificado.
E0218 00:40:39.501154   38748 watch.go:40] Failed to load config from "c:\\Users\\Adryan\\Adryan\\UFOP\\ES1\\Conecta-UFOP\\dataconnect": could not find dataconnect.yaml in `c:\Users\Adryan\Adryan\UFOP\ES1\Conecta-UFOP\dataconnect`
 {"metadata":{"emulator":{"name":"dataconnect"},"message":"E0218 00:40:39.501154   38748 watch.go:116] watchAllDir unable to walk dir `c:\\Users\\Adryan\\Adryan\\UFOP\\ES1\\Conecta-UFOP\\dataconnect`: CreateFile c:\\Users\\Adryan\\Adryan\\UFOP\\ES1\\Conecta-UFOP\\dataconnect: O sistema não pode encontrar o arquivo especificado.\nE0218 00:40:39.501154   38748 watch.go:40] Failed to load config from \"c:\\\\Users\\\\Adryan\\\\Adryan\\\\UFOP\\\\ES1\\\\Conecta-UFOP\\\\dataconnect\": could not find dataconnect.yaml in `c:\\Users\\Adryan\\Adryan\\UFOP\\ES1\\Conecta-UFOP\\dataconnect`\n"}}
[debug] [2026-02-18T03:40:49.501Z] E0218 00:40:49.500983   38748 watch.go:40] Failed to load config from "c:\\Users\\Adryan\\Adryan\\UFOP\\ES1\\Conecta-UFOP\\dataconnect": could not find dataconnect.yaml in `c:\Users\Adryan\Adryan\UFOP\ES1\Conecta-UFOP\dataconnect`
 {"metadata":{"emulator":{"name":"dataconnect"},"message":"E0218 00:40:49.500983   38748 watch.go:40] Failed to load config from \"c:\\\\Users\\\\Adryan\\\\Adryan\\\\UFOP\\\\ES1\\\\Conecta-UFOP\\\\dataconnect\": could not find dataconnect.yaml in `c:\\Users\\Adryan\\Adryan\\UFOP\\ES1\\Conecta-UFOP\\dataconnect`\n"}}
[debug] [2026-02-18T03:40:59.501Z] E0218 00:40:59.501287   38748 watch.go:40] Failed to load config from "c:\\Users\\Adryan\\Adryan\\UFOP\\ES1\\Conecta-UFOP\\dataconnect": could not find dataconnect.yaml in `c:\Users\Adryan\Adryan\UFOP\ES1\Conecta-UFOP\dataconnect`
 {"metadata":{"emulator":{"name":"dataconnect"},"message":"E0218 00:40:59.501287   38748 watch.go:40] Failed to load config from \"c:\\\\Users\\\\Adryan\\\\Adryan\\\\UFOP\\\\ES1\\\\Conecta-UFOP\\\\dataconnect\": could not find dataconnect.yaml in `c:\\Users\\Adryan\\Adryan\\UFOP\\ES1\\Conecta-UFOP\\dataconnect`\n"}}
[debug] [2026-02-18T03:41:09.501Z] E0218 00:41:09.500919   38748 watch.go:40] Failed to load config from "c:\\Users\\Adryan\\Adryan\\UFOP\\ES1\\Conecta-UFOP\\dataconnect": could not find dataconnect.yaml in `c:\Users\Adryan\Adryan\UFOP\ES1\Conecta-UFOP\dataconnect`
 {"metadata":{"emulator":{"name":"dataconnect"},"message":"E0218 00:41:09.500919   38748 watch.go:40] Failed to load config from \"c:\\\\Users\\\\Adryan\\\\Adryan\\\\UFOP\\\\ES1\\\\Conecta-UFOP\\\\dataconnect\": could not find dataconnect.yaml in `c:\\Users\\Adryan\\Adryan\\UFOP\\ES1\\Conecta-UFOP\\dataconnect`\n"}}
[debug] [2026-02-18T03:41:19.501Z] E0218 00:41:19.501122   38748 watch.go:40] Failed to load config from "c:\\Users\\Adryan\\Adryan\\UFOP\\ES1\\Conecta-UFOP\\dataconnect": could not find dataconnect.yaml in `c:\Users\Adryan\Adryan\UFOP\ES1\Conecta-UFOP\dataconnect`
 {"metadata":{"emulator":{"name":"dataconnect"},"message":"E0218 00:41:19.501122   38748 watch.go:40] Failed to load config from \"c:\\\\Users\\\\Adryan\\\\Adryan\\\\UFOP\\\\ES1\\\\Conecta-UFOP\\\\dataconnect\": could not find dataconnect.yaml in `c:\\Users\\Adryan\\Adryan\\UFOP\\ES1\\Conecta-UFOP\\dataconnect`\n"}}
[debug] [2026-02-18T03:41:29.501Z] E0218 00:41:29.500832   38748 watch.go:40] Failed to load config from "c:\\Users\\Adryan\\Adryan\\UFOP\\ES1\\Conecta-UFOP\\dataconnect": could not find dataconnect.yaml in `c:\Users\Adryan\Adryan\UFOP\ES1\Conecta-UFOP\dataconnect`
 {"metadata":{"emulator":{"name":"dataconnect"},"message":"E0218 00:41:29.500832   38748 watch.go:40] Failed to load config from \"c:\\\\Users\\\\Adryan\\\\Adryan\\\\UFOP\\\\ES1\\\\Conecta-UFOP\\\\dataconnect\": could not find dataconnect.yaml in `c:\\Users\\Adryan\\Adryan\\UFOP\\ES1\\Conecta-UFOP\\dataconnect`\n"}}
[debug] [2026-02-18T03:41:39.501Z] E0218 00:41:39.501247   38748 watch.go:116] watchAllDir unable to walk dir `c:\Users\Adryan\Adryan\UFOP\ES1\Conecta-UFOP\dataconnect`: CreateFile c:\Users\Adryan\Adryan\UFOP\ES1\Conecta-UFOP\dataconnect: O sistema não pode encontrar o arquivo especificado.
E0218 00:41:39.501247   38748 watch.go:40] Failed to load config from "c:\\Users\\Adryan\\Adryan\\UFOP\\ES1\\Conecta-UFOP\\dataconnect": could not find dataconnect.yaml in `c:\Users\Adryan\Adryan\UFOP\ES1\Conecta-UFOP\dataconnect`
 {"metadata":{"emulator":{"name":"dataconnect"},"message":"E0218 00:41:39.501247   38748 watch.go:116] watchAllDir unable to walk dir `c:\\Users\\Adryan\\Adryan\\UFOP\\ES1\\Conecta-UFOP\\dataconnect`: CreateFile c:\\Users\\Adryan\\Adryan\\UFOP\\ES1\\Conecta-UFOP\\dataconnect: O sistema não pode encontrar o arquivo especificado.\nE0218 00:41:39.501247   38748 watch.go:40] Failed to load config from \"c:\\\\Users\\\\Adryan\\\\Adryan\\\\UFOP\\\\ES1\\\\Conecta-UFOP\\\\dataconnect\": could not find dataconnect.yaml in `c:\\Users\\Adryan\\Adryan\\UFOP\\ES1\\Conecta-UFOP\\dataconnect`\n"}}
[debug] [2026-02-18T03:41:49.501Z] E0218 00:41:49.500950   38748 watch.go:40] Failed to load config from "c:\\Users\\Adryan\\Adryan\\UFOP\\ES1\\Conecta-UFOP\\dataconnect": could not find dataconnect.yaml in `c:\Users\Adryan\Adryan\UFOP\ES1\Conecta-UFOP\dataconnect`
 {"metadata":{"emulator":{"name":"dataconnect"},"message":"E0218 00:41:49.500950   38748 watch.go:40] Failed to load config from \"c:\\\\Users\\\\Adryan\\\\Adryan\\\\UFOP\\\\ES1\\\\Conecta-UFOP\\\\dataconnect\": could not find dataconnect.yaml in `c:\\Users\\Adryan\\Adryan\\UFOP\\ES1\\Conecta-UFOP\\dataconnect`\n"}}
[debug] [2026-02-18T03:41:59.501Z] E0218 00:41:59.501157   38748 watch.go:40] Failed to load config from "c:\\Users\\Adryan\\Adryan\\UFOP\\ES1\\Conecta-UFOP\\dataconnect": could not find dataconnect.yaml in `c:\Users\Adryan\Adryan\UFOP\ES1\Conecta-UFOP\dataconnect`
 {"metadata":{"emulator":{"name":"dataconnect"},"message":"E0218 00:41:59.501157   38748 watch.go:40] Failed to load config from \"c:\\\\Users\\\\Adryan\\\\Adryan\\\\UFOP\\\\ES1\\\\Conecta-UFOP\\\\dataconnect\": could not find dataconnect.yaml in `c:\\Users\\Adryan\\Adryan\\UFOP\\ES1\\Conecta-UFOP\\dataconnect`\n"}}
[debug] [2026-02-18T03:42:09.501Z] E0218 00:42:09.501105   38748 watch.go:40] Failed to load config from "c:\\Users\\Adryan\\Adryan\\UFOP\\ES1\\Conecta-UFOP\\dataconnect": could not find dataconnect.yaml in `c:\Users\Adryan\Adryan\UFOP\ES1\Conecta-UFOP\dataconnect`
 {"metadata":{"emulator":{"name":"dataconnect"},"message":"E0218 00:42:09.501105   38748 watch.go:40] Failed to load config from \"c:\\\\Users\\\\Adryan\\\\Adryan\\\\UFOP\\\\ES1\\\\Conecta-UFOP\\\\dataconnect\": could not find dataconnect.yaml in `c:\\Users\\Adryan\\Adryan\\UFOP\\ES1\\Conecta-UFOP\\dataconnect`\n"}}
[debug] [2026-02-18T03:42:19.501Z] E0218 00:42:19.501029   38748 watch.go:40] Failed to load config from "c:\\Users\\Adryan\\Adryan\\UFOP\\ES1\\Conecta-UFOP\\dataconnect": could not find dataconnect.yaml in `c:\Users\Adryan\Adryan\UFOP\ES1\Conecta-UFOP\dataconnect`
 {"metadata":{"emulator":{"name":"dataconnect"},"message":"E0218 00:42:19.501029   38748 watch.go:40] Failed to load config from \"c:\\\\Users\\\\Adryan\\\\Adryan\\\\UFOP\\\\ES1\\\\Conecta-UFOP\\\\dataconnect\": could not find dataconnect.yaml in `c:\\Users\\Adryan\\Adryan\\UFOP\\ES1\\Conecta-UFOP\\dataconnect`\n"}}
[debug] [2026-02-18T03:42:29.501Z] E0218 00:42:29.501174   38748 watch.go:40] Failed to load config from "c:\\Users\\Adryan\\Adryan\\UFOP\\ES1\\Conecta-UFOP\\dataconnect": could not find dataconnect.yaml in `c:\Users\Adryan\Adryan\UFOP\ES1\Conecta-UFOP\dataconnect`
 {"metadata":{"emulator":{"name":"dataconnect"},"message":"E0218 00:42:29.501174   38748 watch.go:40] Failed to load config from \"c:\\\\Users\\\\Adryan\\\\Adryan\\\\UFOP\\\\ES1\\\\Conecta-UFOP\\\\dataconnect\": could not find dataconnect.yaml in `c:\\Users\\Adryan\\Adryan\\UFOP\\ES1\\Conecta-UFOP\\dataconnect`\n"}}
[debug] [2026-02-18T03:42:39.501Z] E0218 00:42:39.501006   38748 watch.go:116] watchAllDir unable to walk dir `c:\Users\Adryan\Adryan\UFOP\ES1\Conecta-UFOP\dataconnect`: CreateFile c:\Users\Adryan\Adryan\UFOP\ES1\Conecta-UFOP\dataconnect: O sistema não pode encontrar o arquivo especificado.
 {"metadata":{"emulator":{"name":"dataconnect"},"message":"E0218 00:42:39.501006   38748 watch.go:116] watchAllDir unable to walk dir `c:\\Users\\Adryan\\Adryan\\UFOP\\ES1\\Conecta-UFOP\\dataconnect`: CreateFile c:\\Users\\Adryan\\Adryan\\UFOP\\ES1\\Conecta-UFOP\\dataconnect: O sistema não pode encontrar o arquivo especificado.\n"}}
[debug] [2026-02-18T03:42:39.501Z] E0218 00:42:39.501006   38748 watch.go:40] Failed to load config from "c:\\Users\\Adryan\\Adryan\\UFOP\\ES1\\Conecta-UFOP\\dataconnect": could not find dataconnect.yaml in `c:\Users\Adryan\Adryan\UFOP\ES1\Conecta-UFOP\dataconnect`
 {"metadata":{"emulator":{"name":"dataconnect"},"message":"E0218 00:42:39.501006   38748 watch.go:40] Failed to load config from \"c:\\\\Users\\\\Adryan\\\\Adryan\\\\UFOP\\\\ES1\\\\Conecta-UFOP\\\\dataconnect\": could not find dataconnect.yaml in `c:\\Users\\Adryan\\Adryan\\UFOP\\ES1\\Conecta-UFOP\\dataconnect`\n"}}
[debug] [2026-02-18T03:42:49.501Z] E0218 00:42:49.501038   38748 watch.go:40] Failed to load config from "c:\\Users\\Adryan\\Adryan\\UFOP\\ES1\\Conecta-UFOP\\dataconnect": could not find dataconnect.yaml in `c:\Users\Adryan\Adryan\UFOP\ES1\Conecta-UFOP\dataconnect`
 {"metadata":{"emulator":{"name":"dataconnect"},"message":"E0218 00:42:49.501038   38748 watch.go:40] Failed to load config from \"c:\\\\Users\\\\Adryan\\\\Adryan\\\\UFOP\\\\ES1\\\\Conecta-UFOP\\\\dataconnect\": could not find dataconnect.yaml in `c:\\Users\\Adryan\\Adryan\\UFOP\\ES1\\Conecta-UFOP\\dataconnect`\n"}}
[debug] [2026-02-18T03:42:59.501Z] E0218 00:42:59.500925   38748 watch.go:40] Failed to load config from "c:\\Users\\Adryan\\Adryan\\UFOP\\ES1\\Conecta-UFOP\\dataconnect": could not find dataconnect.yaml in `c:\Users\Adryan\Adryan\UFOP\ES1\Conecta-UFOP\dataconnect`
 {"metadata":{"emulator":{"name":"dataconnect"},"message":"E0218 00:42:59.500925   38748 watch.go:40] Failed to load config from \"c:\\\\Users\\\\Adryan\\\\Adryan\\\\UFOP\\\\ES1\\\\Conecta-UFOP\\\\dataconnect\": could not find dataconnect.yaml in `c:\\Users\\Adryan\\Adryan\\UFOP\\ES1\\Conecta-UFOP\\dataconnect`\n"}}
[debug] [2026-02-18T03:43:09.501Z] E0218 00:43:09.501135   38748 watch.go:40] Failed to load config from "c:\\Users\\Adryan\\Adryan\\UFOP\\ES1\\Conecta-UFOP\\dataconnect": could not find dataconnect.yaml in `c:\Users\Adryan\Adryan\UFOP\ES1\Conecta-UFOP\dataconnect`
 {"metadata":{"emulator":{"name":"dataconnect"},"message":"E0218 00:43:09.501135   38748 watch.go:40] Failed to load config from \"c:\\\\Users\\\\Adryan\\\\Adryan\\\\UFOP\\\\ES1\\\\Conecta-UFOP\\\\dataconnect\": could not find dataconnect.yaml in `c:\\Users\\Adryan\\Adryan\\UFOP\\ES1\\Conecta-UFOP\\dataconnect`\n"}}
[debug] [2026-02-18T03:43:19.501Z] E0218 00:43:19.500864   38748 watch.go:40] Failed to load config from "c:\\Users\\Adryan\\Adryan\\UFOP\\ES1\\Conecta-UFOP\\dataconnect": could not find dataconnect.yaml in `c:\Users\Adryan\Adryan\UFOP\ES1\Conecta-UFOP\dataconnect`
 {"metadata":{"emulator":{"name":"dataconnect"},"message":"E0218 00:43:19.500864   38748 watch.go:40] Failed to load config from \"c:\\\\Users\\\\Adryan\\\\Adryan\\\\UFOP\\\\ES1\\\\Conecta-UFOP\\\\dataconnect\": could not find dataconnect.yaml in `c:\\Users\\Adryan\\Adryan\\UFOP\\ES1\\Conecta-UFOP\\dataconnect`\n"}}
[debug] [2026-02-18T03:43:29.501Z] E0218 00:43:29.500987   38748 watch.go:40] Failed to load config from "c:\\Users\\Adryan\\Adryan\\UFOP\\ES1\\Conecta-UFOP\\dataconnect": could not find dataconnect.yaml in `c:\Users\Adryan\Adryan\UFOP\ES1\Conecta-UFOP\dataconnect`
 {"metadata":{"emulator":{"name":"dataconnect"},"message":"E0218 00:43:29.500987   38748 watch.go:40] Failed to load config from \"c:\\\\Users\\\\Adryan\\\\Adryan\\\\UFOP\\\\ES1\\\\Conecta-UFOP\\\\dataconnect\": could not find dataconnect.yaml in `c:\\Users\\Adryan\\Adryan\\UFOP\\ES1\\Conecta-UFOP\\dataconnect`\n"}}
[debug] [2026-02-18T03:43:39.501Z] E0218 00:43:39.501291   38748 watch.go:116] watchAllDir unable to walk dir `c:\Users\Adryan\Adryan\UFOP\ES1\Conecta-UFOP\dataconnect`: CreateFile c:\Users\Adryan\Adryan\UFOP\ES1\Conecta-UFOP\dataconnect: O sistema não pode encontrar o arquivo especificado.
E0218 00:43:39.501291   38748 watch.go:40] Failed to load config from "c:\\Users\\Adryan\\Adryan\\UFOP\\ES1\\Conecta-UFOP\\dataconnect": could not find dataconnect.yaml in `c:\Users\Adryan\Adryan\UFOP\ES1\Conecta-UFOP\dataconnect`
 {"metadata":{"emulator":{"name":"dataconnect"},"message":"E0218 00:43:39.501291   38748 watch.go:116] watchAllDir unable to walk dir `c:\\Users\\Adryan\\Adryan\\UFOP\\ES1\\Conecta-UFOP\\dataconnect`: CreateFile c:\\Users\\Adryan\\Adryan\\UFOP\\ES1\\Conecta-UFOP\\dataconnect: O sistema não pode encontrar o arquivo especificado.\nE0218 00:43:39.501291   38748 watch.go:40] Failed to load config from \"c:\\\\Users\\\\Adryan\\\\Adryan\\\\UFOP\\\\ES1\\\\Conecta-UFOP\\\\dataconnect\": could not find dataconnect.yaml in `c:\\Users\\Adryan\\Adryan\\UFOP\\ES1\\Conecta-UFOP\\dataconnect`\n"}}
[debug] [2026-02-18T03:43:49.501Z] E0218 00:43:49.500988   38748 watch.go:40] Failed to load config from "c:\\Users\\Adryan\\Adryan\\UFOP\\ES1\\Conecta-UFOP\\dataconnect": could not find dataconnect.yaml in `c:\Users\Adryan\Adryan\UFOP\ES1\Conecta-UFOP\dataconnect`
 {"metadata":{"emulator":{"name":"dataconnect"},"message":"E0218 00:43:49.500988   38748 watch.go:40] Failed to load config from \"c:\\\\Users\\\\Adryan\\\\Adryan\\\\UFOP\\\\ES1\\\\Conecta-UFOP\\\\dataconnect\": could not find dataconnect.yaml in `c:\\Users\\Adryan\\Adryan\\UFOP\\ES1\\Conecta-UFOP\\dataconnect`\n"}}
[debug] [2026-02-18T03:43:59.501Z] E0218 00:43:59.501252   38748 watch.go:40] Failed to load config from "c:\\Users\\Adryan\\Adryan\\UFOP\\ES1\\Conecta-UFOP\\dataconnect": could not find dataconnect.yaml in `c:\Users\Adryan\Adryan\UFOP\ES1\Conecta-UFOP\dataconnect`
 {"metadata":{"emulator":{"name":"dataconnect"},"message":"E0218 00:43:59.501252   38748 watch.go:40] Failed to load config from \"c:\\\\Users\\\\Adryan\\\\Adryan\\\\UFOP\\\\ES1\\\\Conecta-UFOP\\\\dataconnect\": could not find dataconnect.yaml in `c:\\Users\\Adryan\\Adryan\\UFOP\\ES1\\Conecta-UFOP\\dataconnect`\n"}}
[debug] [2026-02-18T03:44:09.501Z] E0218 00:44:09.500879   38748 watch.go:40] Failed to load config from "c:\\Users\\Adryan\\Adryan\\UFOP\\ES1\\Conecta-UFOP\\dataconnect": could not find dataconnect.yaml in `c:\Users\Adryan\Adryan\UFOP\ES1\Conecta-UFOP\dataconnect`
 {"metadata":{"emulator":{"name":"dataconnect"},"message":"E0218 00:44:09.500879   38748 watch.go:40] Failed to load config from \"c:\\\\Users\\\\Adryan\\\\Adryan\\\\UFOP\\\\ES1\\\\Conecta-UFOP\\\\dataconnect\": could not find dataconnect.yaml in `c:\\Users\\Adryan\\Adryan\\UFOP\\ES1\\Conecta-UFOP\\dataconnect`\n"}}
[debug] [2026-02-18T03:44:19.501Z] E0218 00:44:19.501193   38748 watch.go:40] Failed to load config from "c:\\Users\\Adryan\\Adryan\\UFOP\\ES1\\Conecta-UFOP\\dataconnect": could not find dataconnect.yaml in `c:\Users\Adryan\Adryan\UFOP\ES1\Conecta-UFOP\dataconnect`
 {"metadata":{"emulator":{"name":"dataconnect"},"message":"E0218 00:44:19.501193   38748 watch.go:40] Failed to load config from \"c:\\\\Users\\\\Adryan\\\\Adryan\\\\UFOP\\\\ES1\\\\Conecta-UFOP\\\\dataconnect\": could not find dataconnect.yaml in `c:\\Users\\Adryan\\Adryan\\UFOP\\ES1\\Conecta-UFOP\\dataconnect`\n"}}
[debug] [2026-02-18T03:44:29.501Z] E0218 00:44:29.501146   38748 watch.go:40] Failed to load config from "c:\\Users\\Adryan\\Adryan\\UFOP\\ES1\\Conecta-UFOP\\dataconnect": could not find dataconnect.yaml in `c:\Users\Adryan\Adryan\UFOP\ES1\Conecta-UFOP\dataconnect`
 {"metadata":{"emulator":{"name":"dataconnect"},"message":"E0218 00:44:29.501146   38748 watch.go:40] Failed to load config from \"c:\\\\Users\\\\Adryan\\\\Adryan\\\\UFOP\\\\ES1\\\\Conecta-UFOP\\\\dataconnect\": could not find dataconnect.yaml in `c:\\Users\\Adryan\\Adryan\\UFOP\\ES1\\Conecta-UFOP\\dataconnect`\n"}}
[debug] [2026-02-18T03:44:39.501Z] E0218 00:44:39.501287   38748 watch.go:116] watchAllDir unable to walk dir `c:\Users\Adryan\Adryan\UFOP\ES1\Conecta-UFOP\dataconnect`: CreateFile c:\Users\Adryan\Adryan\UFOP\ES1\Conecta-UFOP\dataconnect: O sistema não pode encontrar o arquivo especificado.
E0218 00:44:39.501287   38748 watch.go:40] Failed to load config from "c:\\Users\\Adryan\\Adryan\\UFOP\\ES1\\Conecta-UFOP\\dataconnect": could not find dataconnect.yaml in `c:\Users\Adryan\Adryan\UFOP\ES1\Conecta-UFOP\dataconnect`
 {"metadata":{"emulator":{"name":"dataconnect"},"message":"E0218 00:44:39.501287   38748 watch.go:116] watchAllDir unable to walk dir `c:\\Users\\Adryan\\Adryan\\UFOP\\ES1\\Conecta-UFOP\\dataconnect`: CreateFile c:\\Users\\Adryan\\Adryan\\UFOP\\ES1\\Conecta-UFOP\\dataconnect: O sistema não pode encontrar o arquivo especificado.\nE0218 00:44:39.501287   38748 watch.go:40] Failed to load config from \"c:\\\\Users\\\\Adryan\\\\Adryan\\\\UFOP\\\\ES1\\\\Conecta-UFOP\\\\dataconnect\": could not find dataconnect.yaml in `c:\\Users\\Adryan\\Adryan\\UFOP\\ES1\\Conecta-UFOP\\dataconnect`\n"}}
[debug] [2026-02-18T03:44:49.501Z] E0218 00:44:49.501089   38748 watch.go:40] Failed to load config from "c:\\Users\\Adryan\\Adryan\\UFOP\\ES1\\Conecta-UFOP\\dataconnect": could not find dataconnect.yaml in `c:\Users\Adryan\Adryan\UFOP\ES1\Conecta-UFOP\dataconnect`
 {"metadata":{"emulator":{"name":"dataconnect"},"message":"E0218 00:44:49.501089   38748 watch.go:40] Failed to load config from \"c:\\\\Users\\\\Adryan\\\\Adryan\\\\UFOP\\\\ES1\\\\Conecta-UFOP\\\\dataconnect\": could not find dataconnect.yaml in `c:\\Users\\Adryan\\Adryan\\UFOP\\ES1\\Conecta-UFOP\\dataconnect`\n"}}
[debug] [2026-02-18T03:44:59.501Z] E0218 00:44:59.500962   38748 watch.go:40] Failed to load config from "c:\\Users\\Adryan\\Adryan\\UFOP\\ES1\\Conecta-UFOP\\dataconnect": could not find dataconnect.yaml in `c:\Users\Adryan\Adryan\UFOP\ES1\Conecta-UFOP\dataconnect`
 {"metadata":{"emulator":{"name":"dataconnect"},"message":"E0218 00:44:59.500962   38748 watch.go:40] Failed to load config from \"c:\\\\Users\\\\Adryan\\\\Adryan\\\\UFOP\\\\ES1\\\\Conecta-UFOP\\\\dataconnect\": could not find dataconnect.yaml in `c:\\Users\\Adryan\\Adryan\\UFOP\\ES1\\Conecta-UFOP\\dataconnect`\n"}}
[debug] [2026-02-18T03:45:09.501Z] E0218 00:45:09.501015   38748 watch.go:40] Failed to load config from "c:\\Users\\Adryan\\Adryan\\UFOP\\ES1\\Conecta-UFOP\\dataconnect": could not find dataconnect.yaml in `c:\Users\Adryan\Adryan\UFOP\ES1\Conecta-UFOP\dataconnect`
 {"metadata":{"emulator":{"name":"dataconnect"},"message":"E0218 00:45:09.501015   38748 watch.go:40] Failed to load config from \"c:\\\\Users\\\\Adryan\\\\Adryan\\\\UFOP\\\\ES1\\\\Conecta-UFOP\\\\dataconnect\": could not find dataconnect.yaml in `c:\\Users\\Adryan\\Adryan\\UFOP\\ES1\\Conecta-UFOP\\dataconnect`\n"}}
[debug] [2026-02-18T03:45:19.501Z] E0218 00:45:19.501014   38748 watch.go:40] Failed to load config from "c:\\Users\\Adryan\\Adryan\\UFOP\\ES1\\Conecta-UFOP\\dataconnect": could not find dataconnect.yaml in `c:\Users\Adryan\Adryan\UFOP\ES1\Conecta-UFOP\dataconnect`
 {"metadata":{"emulator":{"name":"dataconnect"},"message":"E0218 00:45:19.501014   38748 watch.go:40] Failed to load config from \"c:\\\\Users\\\\Adryan\\\\Adryan\\\\UFOP\\\\ES1\\\\Conecta-UFOP\\\\dataconnect\": could not find dataconnect.yaml in `c:\\Users\\Adryan\\Adryan\\UFOP\\ES1\\Conecta-UFOP\\dataconnect`\n"}}
[debug] [2026-02-18T03:45:29.501Z] E0218 00:45:29.501212   38748 watch.go:40] Failed to load config from "c:\\Users\\Adryan\\Adryan\\UFOP\\ES1\\Conecta-UFOP\\dataconnect": could not find dataconnect.yaml in `c:\Users\Adryan\Adryan\UFOP\ES1\Conecta-UFOP\dataconnect`
 {"metadata":{"emulator":{"name":"dataconnect"},"message":"E0218 00:45:29.501212   38748 watch.go:40] Failed to load config from \"c:\\\\Users\\\\Adryan\\\\Adryan\\\\UFOP\\\\ES1\\\\Conecta-UFOP\\\\dataconnect\": could not find dataconnect.yaml in `c:\\Users\\Adryan\\Adryan\\UFOP\\ES1\\Conecta-UFOP\\dataconnect`\n"}}
[debug] [2026-02-18T03:45:39.501Z] E0218 00:45:39.500836   38748 watch.go:116] watchAllDir unable to walk dir `c:\Users\Adryan\Adryan\UFOP\ES1\Conecta-UFOP\dataconnect`: CreateFile c:\Users\Adryan\Adryan\UFOP\ES1\Conecta-UFOP\dataconnect: O sistema não pode encontrar o arquivo especificado.
 {"metadata":{"emulator":{"name":"dataconnect"},"message":"E0218 00:45:39.500836   38748 watch.go:116] watchAllDir unable to walk dir `c:\\Users\\Adryan\\Adryan\\UFOP\\ES1\\Conecta-UFOP\\dataconnect`: CreateFile c:\\Users\\Adryan\\Adryan\\UFOP\\ES1\\Conecta-UFOP\\dataconnect: O sistema não pode encontrar o arquivo especificado.\n"}}
[debug] [2026-02-18T03:45:39.501Z] E0218 00:45:39.500836   38748 watch.go:40] Failed to load config from "c:\\Users\\Adryan\\Adryan\\UFOP\\ES1\\Conecta-UFOP\\dataconnect": could not find dataconnect.yaml in `c:\Users\Adryan\Adryan\UFOP\ES1\Conecta-UFOP\dataconnect`
 {"metadata":{"emulator":{"name":"dataconnect"},"message":"E0218 00:45:39.500836   38748 watch.go:40] Failed to load config from \"c:\\\\Users\\\\Adryan\\\\Adryan\\\\UFOP\\\\ES1\\\\Conecta-UFOP\\\\dataconnect\": could not find dataconnect.yaml in `c:\\Users\\Adryan\\Adryan\\UFOP\\ES1\\Conecta-UFOP\\dataconnect`\n"}}
[debug] [2026-02-18T03:45:49.501Z] E0218 00:45:49.501285   38748 watch.go:40] Failed to load config from "c:\\Users\\Adryan\\Adryan\\UFOP\\ES1\\Conecta-UFOP\\dataconnect": could not find dataconnect.yaml in `c:\Users\Adryan\Adryan\UFOP\ES1\Conecta-UFOP\dataconnect`
 {"metadata":{"emulator":{"name":"dataconnect"},"message":"E0218 00:45:49.501285   38748 watch.go:40] Failed to load config from \"c:\\\\Users\\\\Adryan\\\\Adryan\\\\UFOP\\\\ES1\\\\Conecta-UFOP\\\\dataconnect\": could not find dataconnect.yaml in `c:\\Users\\Adryan\\Adryan\\UFOP\\ES1\\Conecta-UFOP\\dataconnect`\n"}}
[debug] [2026-02-18T03:45:59.501Z] E0218 00:45:59.501253   38748 watch.go:40] Failed to load config from "c:\\Users\\Adryan\\Adryan\\UFOP\\ES1\\Conecta-UFOP\\dataconnect": could not find dataconnect.yaml in `c:\Users\Adryan\Adryan\UFOP\ES1\Conecta-UFOP\dataconnect`
 {"metadata":{"emulator":{"name":"dataconnect"},"message":"E0218 00:45:59.501253   38748 watch.go:40] Failed to load config from \"c:\\\\Users\\\\Adryan\\\\Adryan\\\\UFOP\\\\ES1\\\\Conecta-UFOP\\\\dataconnect\": could not find dataconnect.yaml in `c:\\Users\\Adryan\\Adryan\\UFOP\\ES1\\Conecta-UFOP\\dataconnect`\n"}}
[debug] [2026-02-18T03:46:09.501Z] E0218 00:46:09.501523   38748 watch.go:40] Failed to load config from "c:\\Users\\Adryan\\Adryan\\UFOP\\ES1\\Conecta-UFOP\\dataconnect": could not find dataconnect.yaml in `c:\Users\Adryan\Adryan\UFOP\ES1\Conecta-UFOP\dataconnect`
 {"metadata":{"emulator":{"name":"dataconnect"},"message":"E0218 00:46:09.501523   38748 watch.go:40] Failed to load config from \"c:\\\\Users\\\\Adryan\\\\Adryan\\\\UFOP\\\\ES1\\\\Conecta-UFOP\\\\dataconnect\": could not find dataconnect.yaml in `c:\\Users\\Adryan\\Adryan\\UFOP\\ES1\\Conecta-UFOP\\dataconnect`\n"}}
[debug] [2026-02-18T03:46:19.501Z] E0218 00:46:19.501168   38748 watch.go:40] Failed to load config from "c:\\Users\\Adryan\\Adryan\\UFOP\\ES1\\Conecta-UFOP\\dataconnect": could not find dataconnect.yaml in `c:\Users\Adryan\Adryan\UFOP\ES1\Conecta-UFOP\dataconnect`
 {"metadata":{"emulator":{"name":"dataconnect"},"message":"E0218 00:46:19.501168   38748 watch.go:40] Failed to load config from \"c:\\\\Users\\\\Adryan\\\\Adryan\\\\UFOP\\\\ES1\\\\Conecta-UFOP\\\\dataconnect\": could not find dataconnect.yaml in `c:\\Users\\Adryan\\Adryan\\UFOP\\ES1\\Conecta-UFOP\\dataconnect`\n"}}
[debug] [2026-02-18T03:46:29.501Z] E0218 00:46:29.500899   38748 watch.go:40] Failed to load config from "c:\\Users\\Adryan\\Adryan\\UFOP\\ES1\\Conecta-UFOP\\dataconnect": could not find dataconnect.yaml in `c:\Users\Adryan\Adryan\UFOP\ES1\Conecta-UFOP\dataconnect`
 {"metadata":{"emulator":{"name":"dataconnect"},"message":"E0218 00:46:29.500899   38748 watch.go:40] Failed to load config from \"c:\\\\Users\\\\Adryan\\\\Adryan\\\\UFOP\\\\ES1\\\\Conecta-UFOP\\\\dataconnect\": could not find dataconnect.yaml in `c:\\Users\\Adryan\\Adryan\\UFOP\\ES1\\Conecta-UFOP\\dataconnect`\n"}}
[debug] [2026-02-18T03:46:39.501Z] E0218 00:46:39.501051   38748 watch.go:116] watchAllDir unable to walk dir `c:\Users\Adryan\Adryan\UFOP\ES1\Conecta-UFOP\dataconnect`: CreateFile c:\Users\Adryan\Adryan\UFOP\ES1\Conecta-UFOP\dataconnect: O sistema não pode encontrar o arquivo especificado.
E0218 00:46:39.501051   38748 watch.go:40] Failed to load config from "c:\\Users\\Adryan\\Adryan\\UFOP\\ES1\\Conecta-UFOP\\dataconnect": could not find dataconnect.yaml in `c:\Users\Adryan\Adryan\UFOP\ES1\Conecta-UFOP\dataconnect`
 {"metadata":{"emulator":{"name":"dataconnect"},"message":"E0218 00:46:39.501051   38748 watch.go:116] watchAllDir unable to walk dir `c:\\Users\\Adryan\\Adryan\\UFOP\\ES1\\Conecta-UFOP\\dataconnect`: CreateFile c:\\Users\\Adryan\\Adryan\\UFOP\\ES1\\Conecta-UFOP\\dataconnect: O sistema não pode encontrar o arquivo especificado.\nE0218 00:46:39.501051   38748 watch.go:40] Failed to load config from \"c:\\\\Users\\\\Adryan\\\\Adryan\\\\UFOP\\\\ES1\\\\Conecta-UFOP\\\\dataconnect\": could not find dataconnect.yaml in `c:\\Users\\Adryan\\Adryan\\UFOP\\ES1\\Conecta-UFOP\\dataconnect`\n"}}
[debug] [2026-02-18T03:46:49.501Z] E0218 00:46:49.501126   38748 watch.go:40] Failed to load config from "c:\\Users\\Adryan\\Adryan\\UFOP\\ES1\\Conecta-UFOP\\dataconnect": could not find dataconnect.yaml in `c:\Users\Adryan\Adryan\UFOP\ES1\Conecta-UFOP\dataconnect`
 {"metadata":{"emulator":{"name":"dataconnect"},"message":"E0218 00:46:49.501126   38748 watch.go:40] Failed to load config from \"c:\\\\Users\\\\Adryan\\\\Adryan\\\\UFOP\\\\ES1\\\\Conecta-UFOP\\\\dataconnect\": could not find dataconnect.yaml in `c:\\Users\\Adryan\\Adryan\\UFOP\\ES1\\Conecta-UFOP\\dataconnect`\n"}}
[debug] [2026-02-18T03:46:59.501Z] E0218 00:46:59.501215   38748 watch.go:40] Failed to load config from "c:\\Users\\Adryan\\Adryan\\UFOP\\ES1\\Conecta-UFOP\\dataconnect": could not find dataconnect.yaml in `c:\Users\Adryan\Adryan\UFOP\ES1\Conecta-UFOP\dataconnect`
 {"metadata":{"emulator":{"name":"dataconnect"},"message":"E0218 00:46:59.501215   38748 watch.go:40] Failed to load config from \"c:\\\\Users\\\\Adryan\\\\Adryan\\\\UFOP\\\\ES1\\\\Conecta-UFOP\\\\dataconnect\": could not find dataconnect.yaml in `c:\\Users\\Adryan\\Adryan\\UFOP\\ES1\\Conecta-UFOP\\dataconnect`\n"}}
[debug] [2026-02-18T03:47:09.501Z] E0218 00:47:09.501056   38748 watch.go:40] Failed to load config from "c:\\Users\\Adryan\\Adryan\\UFOP\\ES1\\Conecta-UFOP\\dataconnect": could not find dataconnect.yaml in `c:\Users\Adryan\Adryan\UFOP\ES1\Conecta-UFOP\dataconnect`
 {"metadata":{"emulator":{"name":"dataconnect"},"message":"E0218 00:47:09.501056   38748 watch.go:40] Failed to load config from \"c:\\\\Users\\\\Adryan\\\\Adryan\\\\UFOP\\\\ES1\\\\Conecta-UFOP\\\\dataconnect\": could not find dataconnect.yaml in `c:\\Users\\Adryan\\Adryan\\UFOP\\ES1\\Conecta-UFOP\\dataconnect`\n"}}
[debug] [2026-02-18T03:47:19.501Z] E0218 00:47:19.500985   38748 watch.go:40] Failed to load config from "c:\\Users\\Adryan\\Adryan\\UFOP\\ES1\\Conecta-UFOP\\dataconnect": could not find dataconnect.yaml in `c:\Users\Adryan\Adryan\UFOP\ES1\Conecta-UFOP\dataconnect`
 {"metadata":{"emulator":{"name":"dataconnect"},"message":"E0218 00:47:19.500985   38748 watch.go:40] Failed to load config from \"c:\\\\Users\\\\Adryan\\\\Adryan\\\\UFOP\\\\ES1\\\\Conecta-UFOP\\\\dataconnect\": could not find dataconnect.yaml in `c:\\Users\\Adryan\\Adryan\\UFOP\\ES1\\Conecta-UFOP\\dataconnect`\n"}}
[debug] [2026-02-18T03:47:29.501Z] E0218 00:47:29.501281   38748 watch.go:40] Failed to load config from "c:\\Users\\Adryan\\Adryan\\UFOP\\ES1\\Conecta-UFOP\\dataconnect": could not find dataconnect.yaml in `c:\Users\Adryan\Adryan\UFOP\ES1\Conecta-UFOP\dataconnect`
 {"metadata":{"emulator":{"name":"dataconnect"},"message":"E0218 00:47:29.501281   38748 watch.go:40] Failed to load config from \"c:\\\\Users\\\\Adryan\\\\Adryan\\\\UFOP\\\\ES1\\\\Conecta-UFOP\\\\dataconnect\": could not find dataconnect.yaml in `c:\\Users\\Adryan\\Adryan\\UFOP\\ES1\\Conecta-UFOP\\dataconnect`\n"}}
[debug] [2026-02-18T03:47:39.501Z] E0218 00:47:39.500868   38748 watch.go:116] watchAllDir unable to walk dir `c:\Users\Adryan\Adryan\UFOP\ES1\Conecta-UFOP\dataconnect`: CreateFile c:\Users\Adryan\Adryan\UFOP\ES1\Conecta-UFOP\dataconnect: O sistema não pode encontrar o arquivo especificado.
E0218 00:47:39.500868   38748 watch.go:40] Failed to load config from "c:\\Users\\Adryan\\Adryan\\UFOP\\ES1\\Conecta-UFOP\\dataconnect": could not find dataconnect.yaml in `c:\Users\Adryan\Adryan\UFOP\ES1\Conecta-UFOP\dataconnect`
 {"metadata":{"emulator":{"name":"dataconnect"},"message":"E0218 00:47:39.500868   38748 watch.go:116] watchAllDir unable to walk dir `c:\\Users\\Adryan\\Adryan\\UFOP\\ES1\\Conecta-UFOP\\dataconnect`: CreateFile c:\\Users\\Adryan\\Adryan\\UFOP\\ES1\\Conecta-UFOP\\dataconnect: O sistema não pode encontrar o arquivo especificado.\nE0218 00:47:39.500868   38748 watch.go:40] Failed to load config from \"c:\\\\Users\\\\Adryan\\\\Adryan\\\\UFOP\\\\ES1\\\\Conecta-UFOP\\\\dataconnect\": could not find dataconnect.yaml in `c:\\Users\\Adryan\\Adryan\\UFOP\\ES1\\Conecta-UFOP\\dataconnect`\n"}}
[debug] [2026-02-18T03:47:49.501Z] E0218 00:47:49.501032   38748 watch.go:40] Failed to load config from "c:\\Users\\Adryan\\Adryan\\UFOP\\ES1\\Conecta-UFOP\\dataconnect": could not find dataconnect.yaml in `c:\Users\Adryan\Adryan\UFOP\ES1\Conecta-UFOP\dataconnect`
 {"metadata":{"emulator":{"name":"dataconnect"},"message":"E0218 00:47:49.501032   38748 watch.go:40] Failed to load config from \"c:\\\\Users\\\\Adryan\\\\Adryan\\\\UFOP\\\\ES1\\\\Conecta-UFOP\\\\dataconnect\": could not find dataconnect.yaml in `c:\\Users\\Adryan\\Adryan\\UFOP\\ES1\\Conecta-UFOP\\dataconnect`\n"}}
[debug] [2026-02-18T03:47:59.501Z] E0218 00:47:59.501568   38748 watch.go:40] Failed to load config from "c:\\Users\\Adryan\\Adryan\\UFOP\\ES1\\Conecta-UFOP\\dataconnect": could not find dataconnect.yaml in `c:\Users\Adryan\Adryan\UFOP\ES1\Conecta-UFOP\dataconnect`
 {"metadata":{"emulator":{"name":"dataconnect"},"message":"E0218 00:47:59.501568   38748 watch.go:40] Failed to load config from \"c:\\\\Users\\\\Adryan\\\\Adryan\\\\UFOP\\\\ES1\\\\Conecta-UFOP\\\\dataconnect\": could not find dataconnect.yaml in `c:\\Users\\Adryan\\Adryan\\UFOP\\ES1\\Conecta-UFOP\\dataconnect`\n"}}
[debug] [2026-02-18T03:48:09.501Z] E0218 00:48:09.501078   38748 watch.go:40] Failed to load config from "c:\\Users\\Adryan\\Adryan\\UFOP\\ES1\\Conecta-UFOP\\dataconnect": could not find dataconnect.yaml in `c:\Users\Adryan\Adryan\UFOP\ES1\Conecta-UFOP\dataconnect`
 {"metadata":{"emulator":{"name":"dataconnect"},"message":"E0218 00:48:09.501078   38748 watch.go:40] Failed to load config from \"c:\\\\Users\\\\Adryan\\\\Adryan\\\\UFOP\\\\ES1\\\\Conecta-UFOP\\\\dataconnect\": could not find dataconnect.yaml in `c:\\Users\\Adryan\\Adryan\\UFOP\\ES1\\Conecta-UFOP\\dataconnect`\n"}}
[debug] [2026-02-18T03:48:19.501Z] E0218 00:48:19.501154   38748 watch.go:40] Failed to load config from "c:\\Users\\Adryan\\Adryan\\UFOP\\ES1\\Conecta-UFOP\\dataconnect": could not find dataconnect.yaml in `c:\Users\Adryan\Adryan\UFOP\ES1\Conecta-UFOP\dataconnect`
 {"metadata":{"emulator":{"name":"dataconnect"},"message":"E0218 00:48:19.501154   38748 watch.go:40] Failed to load config from \"c:\\\\Users\\\\Adryan\\\\Adryan\\\\UFOP\\\\ES1\\\\Conecta-UFOP\\\\dataconnect\": could not find dataconnect.yaml in `c:\\Users\\Adryan\\Adryan\\UFOP\\ES1\\Conecta-UFOP\\dataconnect`\n"}}
[debug] [2026-02-18T03:48:29.501Z] E0218 00:48:29.500857   38748 watch.go:40] Failed to load config from "c:\\Users\\Adryan\\Adryan\\UFOP\\ES1\\Conecta-UFOP\\dataconnect": could not find dataconnect.yaml in `c:\Users\Adryan\Adryan\UFOP\ES1\Conecta-UFOP\dataconnect`
 {"metadata":{"emulator":{"name":"dataconnect"},"message":"E0218 00:48:29.500857   38748 watch.go:40] Failed to load config from \"c:\\\\Users\\\\Adryan\\\\Adryan\\\\UFOP\\\\ES1\\\\Conecta-UFOP\\\\dataconnect\": could not find dataconnect.yaml in `c:\\Users\\Adryan\\Adryan\\UFOP\\ES1\\Conecta-UFOP\\dataconnect`\n"}}
[debug] [2026-02-18T03:48:39.501Z] E0218 00:48:39.501086   38748 watch.go:116] watchAllDir unable to walk dir `c:\Users\Adryan\Adryan\UFOP\ES1\Conecta-UFOP\dataconnect`: CreateFile c:\Users\Adryan\Adryan\UFOP\ES1\Conecta-UFOP\dataconnect: O sistema não pode encontrar o arquivo especificado.
 {"metadata":{"emulator":{"name":"dataconnect"},"message":"E0218 00:48:39.501086   38748 watch.go:116] watchAllDir unable to walk dir `c:\\Users\\Adryan\\Adryan\\UFOP\\ES1\\Conecta-UFOP\\dataconnect`: CreateFile c:\\Users\\Adryan\\Adryan\\UFOP\\ES1\\Conecta-UFOP\\dataconnect: O sistema não pode encontrar o arquivo especificado.\n"}}
[debug] [2026-02-18T03:48:39.501Z] E0218 00:48:39.501086   38748 watch.go:40] Failed to load config from "c:\\Users\\Adryan\\Adryan\\UFOP\\ES1\\Conecta-UFOP\\dataconnect": could not find dataconnect.yaml in `c:\Users\Adryan\Adryan\UFOP\ES1\Conecta-UFOP\dataconnect`
 {"metadata":{"emulator":{"name":"dataconnect"},"message":"E0218 00:48:39.501086   38748 watch.go:40] Failed to load config from \"c:\\\\Users\\\\Adryan\\\\Adryan\\\\UFOP\\\\ES1\\\\Conecta-UFOP\\\\dataconnect\": could not find dataconnect.yaml in `c:\\Users\\Adryan\\Adryan\\UFOP\\ES1\\Conecta-UFOP\\dataconnect`\n"}}
[debug] [2026-02-18T03:48:49.501Z] E0218 00:48:49.501270   38748 watch.go:40] Failed to load config from "c:\\Users\\Adryan\\Adryan\\UFOP\\ES1\\Conecta-UFOP\\dataconnect": could not find dataconnect.yaml in `c:\Users\Adryan\Adryan\UFOP\ES1\Conecta-UFOP\dataconnect`
 {"metadata":{"emulator":{"name":"dataconnect"},"message":"E0218 00:48:49.501270   38748 watch.go:40] Failed to load config from \"c:\\\\Users\\\\Adryan\\\\Adryan\\\\UFOP\\\\ES1\\\\Conecta-UFOP\\\\dataconnect\": could not find dataconnect.yaml in `c:\\Users\\Adryan\\Adryan\\UFOP\\ES1\\Conecta-UFOP\\dataconnect`\n"}}
[debug] [2026-02-18T03:48:59.501Z] E0218 00:48:59.501078   38748 watch.go:40] Failed to load config from "c:\\Users\\Adryan\\Adryan\\UFOP\\ES1\\Conecta-UFOP\\dataconnect": could not find dataconnect.yaml in `c:\Users\Adryan\Adryan\UFOP\ES1\Conecta-UFOP\dataconnect`
 {"metadata":{"emulator":{"name":"dataconnect"},"message":"E0218 00:48:59.501078   38748 watch.go:40] Failed to load config from \"c:\\\\Users\\\\Adryan\\\\Adryan\\\\UFOP\\\\ES1\\\\Conecta-UFOP\\\\dataconnect\": could not find dataconnect.yaml in `c:\\Users\\Adryan\\Adryan\\UFOP\\ES1\\Conecta-UFOP\\dataconnect`\n"}}
[debug] [2026-02-18T03:49:09.501Z] E0218 00:49:09.501291   38748 watch.go:40] Failed to load config from "c:\\Users\\Adryan\\Adryan\\UFOP\\ES1\\Conecta-UFOP\\dataconnect": could not find dataconnect.yaml in `c:\Users\Adryan\Adryan\UFOP\ES1\Conecta-UFOP\dataconnect`
 {"metadata":{"emulator":{"name":"dataconnect"},"message":"E0218 00:49:09.501291   38748 watch.go:40] Failed to load config from \"c:\\\\Users\\\\Adryan\\\\Adryan\\\\UFOP\\\\ES1\\\\Conecta-UFOP\\\\dataconnect\": could not find dataconnect.yaml in `c:\\Users\\Adryan\\Adryan\\UFOP\\ES1\\Conecta-UFOP\\dataconnect`\n"}}
[debug] [2026-02-18T03:49:19.502Z] E0218 00:49:19.501959   38748 watch.go:40] Failed to load config from "c:\\Users\\Adryan\\Adryan\\UFOP\\ES1\\Conecta-UFOP\\dataconnect": could not find dataconnect.yaml in `c:\Users\Adryan\Adryan\UFOP\ES1\Conecta-UFOP\dataconnect`
 {"metadata":{"emulator":{"name":"dataconnect"},"message":"E0218 00:49:19.501959   38748 watch.go:40] Failed to load config from \"c:\\\\Users\\\\Adryan\\\\Adryan\\\\UFOP\\\\ES1\\\\Conecta-UFOP\\\\dataconnect\": could not find dataconnect.yaml in `c:\\Users\\Adryan\\Adryan\\UFOP\\ES1\\Conecta-UFOP\\dataconnect`\n"}}
[debug] [2026-02-18T03:49:29.501Z] E0218 00:49:29.501045   38748 watch.go:40] Failed to load config from "c:\\Users\\Adryan\\Adryan\\UFOP\\ES1\\Conecta-UFOP\\dataconnect": could not find dataconnect.yaml in `c:\Users\Adryan\Adryan\UFOP\ES1\Conecta-UFOP\dataconnect`
 {"metadata":{"emulator":{"name":"dataconnect"},"message":"E0218 00:49:29.501045   38748 watch.go:40] Failed to load config from \"c:\\\\Users\\\\Adryan\\\\Adryan\\\\UFOP\\\\ES1\\\\Conecta-UFOP\\\\dataconnect\": could not find dataconnect.yaml in `c:\\Users\\Adryan\\Adryan\\UFOP\\ES1\\Conecta-UFOP\\dataconnect`\n"}}
[debug] [2026-02-18T03:49:39.501Z] E0218 00:49:39.500989   38748 watch.go:116] watchAllDir unable to walk dir `c:\Users\Adryan\Adryan\UFOP\ES1\Conecta-UFOP\dataconnect`: CreateFile c:\Users\Adryan\Adryan\UFOP\ES1\Conecta-UFOP\dataconnect: O sistema não pode encontrar o arquivo especificado.
E0218 00:49:39.500989   38748 watch.go:40] Failed to load config from "c:\\Users\\Adryan\\Adryan\\UFOP\\ES1\\Conecta-UFOP\\dataconnect": could not find dataconnect.yaml in `c:\Users\Adryan\Adryan\UFOP\ES1\Conecta-UFOP\dataconnect`
 {"metadata":{"emulator":{"name":"dataconnect"},"message":"E0218 00:49:39.500989   38748 watch.go:116] watchAllDir unable to walk dir `c:\\Users\\Adryan\\Adryan\\UFOP\\ES1\\Conecta-UFOP\\dataconnect`: CreateFile c:\\Users\\Adryan\\Adryan\\UFOP\\ES1\\Conecta-UFOP\\dataconnect: O sistema não pode encontrar o arquivo especificado.\nE0218 00:49:39.500989   38748 watch.go:40] Failed to load config from \"c:\\\\Users\\\\Adryan\\\\Adryan\\\\UFOP\\\\ES1\\\\Conecta-UFOP\\\\dataconnect\": could not find dataconnect.yaml in `c:\\Users\\Adryan\\Adryan\\UFOP\\ES1\\Conecta-UFOP\\dataconnect`\n"}}
[debug] [2026-02-18T03:49:49.501Z] E0218 00:49:49.501057   38748 watch.go:40] Failed to load config from "c:\\Users\\Adryan\\Adryan\\UFOP\\ES1\\Conecta-UFOP\\dataconnect": could not find dataconnect.yaml in `c:\Users\Adryan\Adryan\UFOP\ES1\Conecta-UFOP\dataconnect`
 {"metadata":{"emulator":{"name":"dataconnect"},"message":"E0218 00:49:49.501057   38748 watch.go:40] Failed to load config from \"c:\\\\Users\\\\Adryan\\\\Adryan\\\\UFOP\\\\ES1\\\\Conecta-UFOP\\\\dataconnect\": could not find dataconnect.yaml in `c:\\Users\\Adryan\\Adryan\\UFOP\\ES1\\Conecta-UFOP\\dataconnect`\n"}}
[debug] [2026-02-18T03:49:59.501Z] E0218 00:49:59.501214   38748 watch.go:40] Failed to load config from "c:\\Users\\Adryan\\Adryan\\UFOP\\ES1\\Conecta-UFOP\\dataconnect": could not find dataconnect.yaml in `c:\Users\Adryan\Adryan\UFOP\ES1\Conecta-UFOP\dataconnect`
 {"metadata":{"emulator":{"name":"dataconnect"},"message":"E0218 00:49:59.501214   38748 watch.go:40] Failed to load config from \"c:\\\\Users\\\\Adryan\\\\Adryan\\\\UFOP\\\\ES1\\\\Conecta-UFOP\\\\dataconnect\": could not find dataconnect.yaml in `c:\\Users\\Adryan\\Adryan\\UFOP\\ES1\\Conecta-UFOP\\dataconnect`\n"}}
[debug] [2026-02-18T03:50:09.501Z] E0218 00:50:09.501648   38748 watch.go:40] Failed to load config from "c:\\Users\\Adryan\\Adryan\\UFOP\\ES1\\Conecta-UFOP\\dataconnect": could not find dataconnect.yaml in `c:\Users\Adryan\Adryan\UFOP\ES1\Conecta-UFOP\dataconnect`
 {"metadata":{"emulator":{"name":"dataconnect"},"message":"E0218 00:50:09.501648   38748 watch.go:40] Failed to load config from \"c:\\\\Users\\\\Adryan\\\\Adryan\\\\UFOP\\\\ES1\\\\Conecta-UFOP\\\\dataconnect\": could not find dataconnect.yaml in `c:\\Users\\Adryan\\Adryan\\UFOP\\ES1\\Conecta-UFOP\\dataconnect`\n"}}
[debug] [2026-02-18T03:50:19.501Z] E0218 00:50:19.501088   38748 watch.go:40] Failed to load config from "c:\\Users\\Adryan\\Adryan\\UFOP\\ES1\\Conecta-UFOP\\dataconnect": could not find dataconnect.yaml in `c:\Users\Adryan\Adryan\UFOP\ES1\Conecta-UFOP\dataconnect`
 {"metadata":{"emulator":{"name":"dataconnect"},"message":"E0218 00:50:19.501088   38748 watch.go:40] Failed to load config from \"c:\\\\Users\\\\Adryan\\\\Adryan\\\\UFOP\\\\ES1\\\\Conecta-UFOP\\\\dataconnect\": could not find dataconnect.yaml in `c:\\Users\\Adryan\\Adryan\\UFOP\\ES1\\Conecta-UFOP\\dataconnect`\n"}}
[debug] [2026-02-18T03:50:29.502Z] E0218 00:50:29.501822   38748 watch.go:40] Failed to load config from "c:\\Users\\Adryan\\Adryan\\UFOP\\ES1\\Conecta-UFOP\\dataconnect": could not find dataconnect.yaml in `c:\Users\Adryan\Adryan\UFOP\ES1\Conecta-UFOP\dataconnect`
 {"metadata":{"emulator":{"name":"dataconnect"},"message":"E0218 00:50:29.501822   38748 watch.go:40] Failed to load config from \"c:\\\\Users\\\\Adryan\\\\Adryan\\\\UFOP\\\\ES1\\\\Conecta-UFOP\\\\dataconnect\": could not find dataconnect.yaml in `c:\\Users\\Adryan\\Adryan\\UFOP\\ES1\\Conecta-UFOP\\dataconnect`\n"}}
[debug] [2026-02-18T03:50:39.501Z] E0218 00:50:39.501167   38748 watch.go:116] watchAllDir unable to walk dir `c:\Users\Adryan\Adryan\UFOP\ES1\Conecta-UFOP\dataconnect`: CreateFile c:\Users\Adryan\Adryan\UFOP\ES1\Conecta-UFOP\dataconnect: O sistema não pode encontrar o arquivo especificado.
E0218 00:50:39.501167   38748 watch.go:40] Failed to load config from "c:\\Users\\Adryan\\Adryan\\UFOP\\ES1\\Conecta-UFOP\\dataconnect": could not find dataconnect.yaml in `c:\Users\Adryan\Adryan\UFOP\ES1\Conecta-UFOP\dataconnect`
 {"metadata":{"emulator":{"name":"dataconnect"},"message":"E0218 00:50:39.501167   38748 watch.go:116] watchAllDir unable to walk dir `c:\\Users\\Adryan\\Adryan\\UFOP\\ES1\\Conecta-UFOP\\dataconnect`: CreateFile c:\\Users\\Adryan\\Adryan\\UFOP\\ES1\\Conecta-UFOP\\dataconnect: O sistema não pode encontrar o arquivo especificado.\nE0218 00:50:39.501167   38748 watch.go:40] Failed to load config from \"c:\\\\Users\\\\Adryan\\\\Adryan\\\\UFOP\\\\ES1\\\\Conecta-UFOP\\\\dataconnect\": could not find dataconnect.yaml in `c:\\Users\\Adryan\\Adryan\\UFOP\\ES1\\Conecta-UFOP\\dataconnect`\n"}}
[debug] [2026-02-18T03:50:49.501Z] E0218 00:50:49.501044   38748 watch.go:40] Failed to load config from "c:\\Users\\Adryan\\Adryan\\UFOP\\ES1\\Conecta-UFOP\\dataconnect": could not find dataconnect.yaml in `c:\Users\Adryan\Adryan\UFOP\ES1\Conecta-UFOP\dataconnect`
 {"metadata":{"emulator":{"name":"dataconnect"},"message":"E0218 00:50:49.501044   38748 watch.go:40] Failed to load config from \"c:\\\\Users\\\\Adryan\\\\Adryan\\\\UFOP\\\\ES1\\\\Conecta-UFOP\\\\dataconnect\": could not find dataconnect.yaml in `c:\\Users\\Adryan\\Adryan\\UFOP\\ES1\\Conecta-UFOP\\dataconnect`\n"}}
[debug] [2026-02-18T03:50:59.501Z] E0218 00:50:59.501092   38748 watch.go:40] Failed to load config from "c:\\Users\\Adryan\\Adryan\\UFOP\\ES1\\Conecta-UFOP\\dataconnect": could not find dataconnect.yaml in `c:\Users\Adryan\Adryan\UFOP\ES1\Conecta-UFOP\dataconnect`
 {"metadata":{"emulator":{"name":"dataconnect"},"message":"E0218 00:50:59.501092   38748 watch.go:40] Failed to load config from \"c:\\\\Users\\\\Adryan\\\\Adryan\\\\UFOP\\\\ES1\\\\Conecta-UFOP\\\\dataconnect\": could not find dataconnect.yaml in `c:\\Users\\Adryan\\Adryan\\UFOP\\ES1\\Conecta-UFOP\\dataconnect`\n"}}
[debug] [2026-02-18T03:51:09.501Z] E0218 00:51:09.500957   38748 watch.go:40] Failed to load config from "c:\\Users\\Adryan\\Adryan\\UFOP\\ES1\\Conecta-UFOP\\dataconnect": could not find dataconnect.yaml in `c:\Users\Adryan\Adryan\UFOP\ES1\Conecta-UFOP\dataconnect`
 {"metadata":{"emulator":{"name":"dataconnect"},"message":"E0218 00:51:09.500957   38748 watch.go:40] Failed to load config from \"c:\\\\Users\\\\Adryan\\\\Adryan\\\\UFOP\\\\ES1\\\\Conecta-UFOP\\\\dataconnect\": could not find dataconnect.yaml in `c:\\Users\\Adryan\\Adryan\\UFOP\\ES1\\Conecta-UFOP\\dataconnect`\n"}}
[debug] [2026-02-18T03:51:19.501Z] E0218 00:51:19.501027   38748 watch.go:40] Failed to load config from "c:\\Users\\Adryan\\Adryan\\UFOP\\ES1\\Conecta-UFOP\\dataconnect": could not find dataconnect.yaml in `c:\Users\Adryan\Adryan\UFOP\ES1\Conecta-UFOP\dataconnect`
 {"metadata":{"emulator":{"name":"dataconnect"},"message":"E0218 00:51:19.501027   38748 watch.go:40] Failed to load config from \"c:\\\\Users\\\\Adryan\\\\Adryan\\\\UFOP\\\\ES1\\\\Conecta-UFOP\\\\dataconnect\": could not find dataconnect.yaml in `c:\\Users\\Adryan\\Adryan\\UFOP\\ES1\\Conecta-UFOP\\dataconnect`\n"}}
[debug] [2026-02-18T03:51:29.501Z] E0218 00:51:29.501089   38748 watch.go:40] Failed to load config from "c:\\Users\\Adryan\\Adryan\\UFOP\\ES1\\Conecta-UFOP\\dataconnect": could not find dataconnect.yaml in `c:\Users\Adryan\Adryan\UFOP\ES1\Conecta-UFOP\dataconnect`
 {"metadata":{"emulator":{"name":"dataconnect"},"message":"E0218 00:51:29.501089   38748 watch.go:40] Failed to load config from \"c:\\\\Users\\\\Adryan\\\\Adryan\\\\UFOP\\\\ES1\\\\Conecta-UFOP\\\\dataconnect\": could not find dataconnect.yaml in `c:\\Users\\Adryan\\Adryan\\UFOP\\ES1\\Conecta-UFOP\\dataconnect`\n"}}
[debug] [2026-02-18T03:51:39.501Z] E0218 00:51:39.500905   38748 watch.go:116] watchAllDir unable to walk dir `c:\Users\Adryan\Adryan\UFOP\ES1\Conecta-UFOP\dataconnect`: CreateFile c:\Users\Adryan\Adryan\UFOP\ES1\Conecta-UFOP\dataconnect: O sistema não pode encontrar o arquivo especificado.
E0218 00:51:39.500905   38748 watch.go:40] Failed to load config from "c:\\Users\\Adryan\\Adryan\\UFOP\\ES1\\Conecta-UFOP\\dataconnect": could not find dataconnect.yaml in `c:\Users\Adryan\Adryan\UFOP\ES1\Conecta-UFOP\dataconnect`
 {"metadata":{"emulator":{"name":"dataconnect"},"message":"E0218 00:51:39.500905   38748 watch.go:116] watchAllDir unable to walk dir `c:\\Users\\Adryan\\Adryan\\UFOP\\ES1\\Conecta-UFOP\\dataconnect`: CreateFile c:\\Users\\Adryan\\Adryan\\UFOP\\ES1\\Conecta-UFOP\\dataconnect: O sistema não pode encontrar o arquivo especificado.\nE0218 00:51:39.500905   38748 watch.go:40] Failed to load config from \"c:\\\\Users\\\\Adryan\\\\Adryan\\\\UFOP\\\\ES1\\\\Conecta-UFOP\\\\dataconnect\": could not find dataconnect.yaml in `c:\\Users\\Adryan\\Adryan\\UFOP\\ES1\\Conecta-UFOP\\dataconnect`\n"}}
[debug] [2026-02-18T03:51:49.501Z] E0218 00:51:49.501133   38748 watch.go:40] Failed to load config from "c:\\Users\\Adryan\\Adryan\\UFOP\\ES1\\Conecta-UFOP\\dataconnect": could not find dataconnect.yaml in `c:\Users\Adryan\Adryan\UFOP\ES1\Conecta-UFOP\dataconnect`
 {"metadata":{"emulator":{"name":"dataconnect"},"message":"E0218 00:51:49.501133   38748 watch.go:40] Failed to load config from \"c:\\\\Users\\\\Adryan\\\\Adryan\\\\UFOP\\\\ES1\\\\Conecta-UFOP\\\\dataconnect\": could not find dataconnect.yaml in `c:\\Users\\Adryan\\Adryan\\UFOP\\ES1\\Conecta-UFOP\\dataconnect`\n"}}
[debug] [2026-02-18T03:51:59.501Z] E0218 00:51:59.501342   38748 watch.go:40] Failed to load config from "c:\\Users\\Adryan\\Adryan\\UFOP\\ES1\\Conecta-UFOP\\dataconnect": could not find dataconnect.yaml in `c:\Users\Adryan\Adryan\UFOP\ES1\Conecta-UFOP\dataconnect`
 {"metadata":{"emulator":{"name":"dataconnect"},"message":"E0218 00:51:59.501342   38748 watch.go:40] Failed to load config from \"c:\\\\Users\\\\Adryan\\\\Adryan\\\\UFOP\\\\ES1\\\\Conecta-UFOP\\\\dataconnect\": could not find dataconnect.yaml in `c:\\Users\\Adryan\\Adryan\\UFOP\\ES1\\Conecta-UFOP\\dataconnect`\n"}}
[debug] [2026-02-18T03:52:09.501Z] E0218 00:52:09.501796   38748 watch.go:40] Failed to load config from "c:\\Users\\Adryan\\Adryan\\UFOP\\ES1\\Conecta-UFOP\\dataconnect": could not find dataconnect.yaml in `c:\Users\Adryan\Adryan\UFOP\ES1\Conecta-UFOP\dataconnect`
 {"metadata":{"emulator":{"name":"dataconnect"},"message":"E0218 00:52:09.501796   38748 watch.go:40] Failed to load config from \"c:\\\\Users\\\\Adryan\\\\Adryan\\\\UFOP\\\\ES1\\\\Conecta-UFOP\\\\dataconnect\": could not find dataconnect.yaml in `c:\\Users\\Adryan\\Adryan\\UFOP\\ES1\\Conecta-UFOP\\dataconnect`\n"}}
[debug] [2026-02-18T03:52:19.501Z] E0218 00:52:19.501436   38748 watch.go:40] Failed to load config from "c:\\Users\\Adryan\\Adryan\\UFOP\\ES1\\Conecta-UFOP\\dataconnect": could not find dataconnect.yaml in `c:\Users\Adryan\Adryan\UFOP\ES1\Conecta-UFOP\dataconnect`
 {"metadata":{"emulator":{"name":"dataconnect"},"message":"E0218 00:52:19.501436   38748 watch.go:40] Failed to load config from \"c:\\\\Users\\\\Adryan\\\\Adryan\\\\UFOP\\\\ES1\\\\Conecta-UFOP\\\\dataconnect\": could not find dataconnect.yaml in `c:\\Users\\Adryan\\Adryan\\UFOP\\ES1\\Conecta-UFOP\\dataconnect`\n"}}
[debug] [2026-02-18T03:52:29.501Z] E0218 00:52:29.501119   38748 watch.go:40] Failed to load config from "c:\\Users\\Adryan\\Adryan\\UFOP\\ES1\\Conecta-UFOP\\dataconnect": could not find dataconnect.yaml in `c:\Users\Adryan\Adryan\UFOP\ES1\Conecta-UFOP\dataconnect`
 {"metadata":{"emulator":{"name":"dataconnect"},"message":"E0218 00:52:29.501119   38748 watch.go:40] Failed to load config from \"c:\\\\Users\\\\Adryan\\\\Adryan\\\\UFOP\\\\ES1\\\\Conecta-UFOP\\\\dataconnect\": could not find dataconnect.yaml in `c:\\Users\\Adryan\\Adryan\\UFOP\\ES1\\Conecta-UFOP\\dataconnect`\n"}}
[debug] [2026-02-18T03:52:39.501Z] E0218 00:52:39.501310   38748 watch.go:116] watchAllDir unable to walk dir `c:\Users\Adryan\Adryan\UFOP\ES1\Conecta-UFOP\dataconnect`: CreateFile c:\Users\Adryan\Adryan\UFOP\ES1\Conecta-UFOP\dataconnect: O sistema não pode encontrar o arquivo especificado.
E0218 00:52:39.501310   38748 watch.go:40] Failed to load config from "c:\\Users\\Adryan\\Adryan\\UFOP\\ES1\\Conecta-UFOP\\dataconnect": could not find dataconnect.yaml in `c:\Users\Adryan\Adryan\UFOP\ES1\Conecta-UFOP\dataconnect`
 {"metadata":{"emulator":{"name":"dataconnect"},"message":"E0218 00:52:39.501310   38748 watch.go:116] watchAllDir unable to walk dir `c:\\Users\\Adryan\\Adryan\\UFOP\\ES1\\Conecta-UFOP\\dataconnect`: CreateFile c:\\Users\\Adryan\\Adryan\\UFOP\\ES1\\Conecta-UFOP\\dataconnect: O sistema não pode encontrar o arquivo especificado.\nE0218 00:52:39.501310   38748 watch.go:40] Failed to load config from \"c:\\\\Users\\\\Adryan\\\\Adryan\\\\UFOP\\\\ES1\\\\Conecta-UFOP\\\\dataconnect\": could not find dataconnect.yaml in `c:\\Users\\Adryan\\Adryan\\UFOP\\ES1\\Conecta-UFOP\\dataconnect`\n"}}
[debug] [2026-02-18T03:52:49.501Z] E0218 00:52:49.501209   38748 watch.go:40] Failed to load config from "c:\\Users\\Adryan\\Adryan\\UFOP\\ES1\\Conecta-UFOP\\dataconnect": could not find dataconnect.yaml in `c:\Users\Adryan\Adryan\UFOP\ES1\Conecta-UFOP\dataconnect`
 {"metadata":{"emulator":{"name":"dataconnect"},"message":"E0218 00:52:49.501209   38748 watch.go:40] Failed to load config from \"c:\\\\Users\\\\Adryan\\\\Adryan\\\\UFOP\\\\ES1\\\\Conecta-UFOP\\\\dataconnect\": could not find dataconnect.yaml in `c:\\Users\\Adryan\\Adryan\\UFOP\\ES1\\Conecta-UFOP\\dataconnect`\n"}}
[debug] [2026-02-18T03:52:59.501Z] E0218 00:52:59.501064   38748 watch.go:40] Failed to load config from "c:\\Users\\Adryan\\Adryan\\UFOP\\ES1\\Conecta-UFOP\\dataconnect": could not find dataconnect.yaml in `c:\Users\Adryan\Adryan\UFOP\ES1\Conecta-UFOP\dataconnect`
 {"metadata":{"emulator":{"name":"dataconnect"},"message":"E0218 00:52:59.501064   38748 watch.go:40] Failed to load config from \"c:\\\\Users\\\\Adryan\\\\Adryan\\\\UFOP\\\\ES1\\\\Conecta-UFOP\\\\dataconnect\": could not find dataconnect.yaml in `c:\\Users\\Adryan\\Adryan\\UFOP\\ES1\\Conecta-UFOP\\dataconnect`\n"}}
[debug] [2026-02-18T03:53:09.501Z] E0218 00:53:09.501150   38748 watch.go:40] Failed to load config from "c:\\Users\\Adryan\\Adryan\\UFOP\\ES1\\Conecta-UFOP\\dataconnect": could not find dataconnect.yaml in `c:\Users\Adryan\Adryan\UFOP\ES1\Conecta-UFOP\dataconnect`
 {"metadata":{"emulator":{"name":"dataconnect"},"message":"E0218 00:53:09.501150   38748 watch.go:40] Failed to load config from \"c:\\\\Users\\\\Adryan\\\\Adryan\\\\UFOP\\\\ES1\\\\Conecta-UFOP\\\\dataconnect\": could not find dataconnect.yaml in `c:\\Users\\Adryan\\Adryan\\UFOP\\ES1\\Conecta-UFOP\\dataconnect`\n"}}
[debug] [2026-02-18T03:53:19.501Z] E0218 00:53:19.501180   38748 watch.go:40] Failed to load config from "c:\\Users\\Adryan\\Adryan\\UFOP\\ES1\\Conecta-UFOP\\dataconnect": could not find dataconnect.yaml in `c:\Users\Adryan\Adryan\UFOP\ES1\Conecta-UFOP\dataconnect`
 {"metadata":{"emulator":{"name":"dataconnect"},"message":"E0218 00:53:19.501180   38748 watch.go:40] Failed to load config from \"c:\\\\Users\\\\Adryan\\\\Adryan\\\\UFOP\\\\ES1\\\\Conecta-UFOP\\\\dataconnect\": could not find dataconnect.yaml in `c:\\Users\\Adryan\\Adryan\\UFOP\\ES1\\Conecta-UFOP\\dataconnect`\n"}}
[debug] [2026-02-18T03:53:29.501Z] E0218 00:53:29.500980   38748 watch.go:40] Failed to load config from "c:\\Users\\Adryan\\Adryan\\UFOP\\ES1\\Conecta-UFOP\\dataconnect": could not find dataconnect.yaml in `c:\Users\Adryan\Adryan\UFOP\ES1\Conecta-UFOP\dataconnect`
 {"metadata":{"emulator":{"name":"dataconnect"},"message":"E0218 00:53:29.500980   38748 watch.go:40] Failed to load config from \"c:\\\\Users\\\\Adryan\\\\Adryan\\\\UFOP\\\\ES1\\\\Conecta-UFOP\\\\dataconnect\": could not find dataconnect.yaml in `c:\\Users\\Adryan\\Adryan\\UFOP\\ES1\\Conecta-UFOP\\dataconnect`\n"}}
[debug] [2026-02-18T03:53:39.501Z] E0218 00:53:39.501170   38748 watch.go:116] watchAllDir unable to walk dir `c:\Users\Adryan\Adryan\UFOP\ES1\Conecta-UFOP\dataconnect`: CreateFile c:\Users\Adryan\Adryan\UFOP\ES1\Conecta-UFOP\dataconnect: O sistema não pode encontrar o arquivo especificado.
E0218 00:53:39.501170   38748 watch.go:40] Failed to load config from "c:\\Users\\Adryan\\Adryan\\UFOP\\ES1\\Conecta-UFOP\\dataconnect": could not find dataconnect.yaml in `c:\Users\Adryan\Adryan\UFOP\ES1\Conecta-UFOP\dataconnect`
 {"metadata":{"emulator":{"name":"dataconnect"},"message":"E0218 00:53:39.501170   38748 watch.go:116] watchAllDir unable to walk dir `c:\\Users\\Adryan\\Adryan\\UFOP\\ES1\\Conecta-UFOP\\dataconnect`: CreateFile c:\\Users\\Adryan\\Adryan\\UFOP\\ES1\\Conecta-UFOP\\dataconnect: O sistema não pode encontrar o arquivo especificado.\nE0218 00:53:39.501170   38748 watch.go:40] Failed to load config from \"c:\\\\Users\\\\Adryan\\\\Adryan\\\\UFOP\\\\ES1\\\\Conecta-UFOP\\\\dataconnect\": could not find dataconnect.yaml in `c:\\Users\\Adryan\\Adryan\\UFOP\\ES1\\Conecta-UFOP\\dataconnect`\n"}}
[debug] [2026-02-18T03:53:49.501Z] E0218 00:53:49.500796   38748 watch.go:40] Failed to load config from "c:\\Users\\Adryan\\Adryan\\UFOP\\ES1\\Conecta-UFOP\\dataconnect": could not find dataconnect.yaml in `c:\Users\Adryan\Adryan\UFOP\ES1\Conecta-UFOP\dataconnect`
 {"metadata":{"emulator":{"name":"dataconnect"},"message":"E0218 00:53:49.500796   38748 watch.go:40] Failed to load config from \"c:\\\\Users\\\\Adryan\\\\Adryan\\\\UFOP\\\\ES1\\\\Conecta-UFOP\\\\dataconnect\": could not find dataconnect.yaml in `c:\\Users\\Adryan\\Adryan\\UFOP\\ES1\\Conecta-UFOP\\dataconnect`\n"}}
[debug] [2026-02-18T03:53:59.501Z] E0218 00:53:59.500820   38748 watch.go:40] Failed to load config from "c:\\Users\\Adryan\\Adryan\\UFOP\\ES1\\Conecta-UFOP\\dataconnect": could not find dataconnect.yaml in `c:\Users\Adryan\Adryan\UFOP\ES1\Conecta-UFOP\dataconnect`
 {"metadata":{"emulator":{"name":"dataconnect"},"message":"E0218 00:53:59.500820   38748 watch.go:40] Failed to load config from \"c:\\\\Users\\\\Adryan\\\\Adryan\\\\UFOP\\\\ES1\\\\Conecta-UFOP\\\\dataconnect\": could not find dataconnect.yaml in `c:\\Users\\Adryan\\Adryan\\UFOP\\ES1\\Conecta-UFOP\\dataconnect`\n"}}
[debug] [2026-02-18T03:54:09.501Z] E0218 00:54:09.501332   38748 watch.go:40] Failed to load config from "c:\\Users\\Adryan\\Adryan\\UFOP\\ES1\\Conecta-UFOP\\dataconnect": could not find dataconnect.yaml in `c:\Users\Adryan\Adryan\UFOP\ES1\Conecta-UFOP\dataconnect`
 {"metadata":{"emulator":{"name":"dataconnect"},"message":"E0218 00:54:09.501332   38748 watch.go:40] Failed to load config from \"c:\\\\Users\\\\Adryan\\\\Adryan\\\\UFOP\\\\ES1\\\\Conecta-UFOP\\\\dataconnect\": could not find dataconnect.yaml in `c:\\Users\\Adryan\\Adryan\\UFOP\\ES1\\Conecta-UFOP\\dataconnect`\n"}}
[debug] [2026-02-18T03:54:19.501Z] E0218 00:54:19.500904   38748 watch.go:40] Failed to load config from "c:\\Users\\Adryan\\Adryan\\UFOP\\ES1\\Conecta-UFOP\\dataconnect": could not find dataconnect.yaml in `c:\Users\Adryan\Adryan\UFOP\ES1\Conecta-UFOP\dataconnect`
 {"metadata":{"emulator":{"name":"dataconnect"},"message":"E0218 00:54:19.500904   38748 watch.go:40] Failed to load config from \"c:\\\\Users\\\\Adryan\\\\Adryan\\\\UFOP\\\\ES1\\\\Conecta-UFOP\\\\dataconnect\": could not find dataconnect.yaml in `c:\\Users\\Adryan\\Adryan\\UFOP\\ES1\\Conecta-UFOP\\dataconnect`\n"}}
[debug] [2026-02-18T03:54:29.501Z] E0218 00:54:29.501062   38748 watch.go:40] Failed to load config from "c:\\Users\\Adryan\\Adryan\\UFOP\\ES1\\Conecta-UFOP\\dataconnect": could not find dataconnect.yaml in `c:\Users\Adryan\Adryan\UFOP\ES1\Conecta-UFOP\dataconnect`
 {"metadata":{"emulator":{"name":"dataconnect"},"message":"E0218 00:54:29.501062   38748 watch.go:40] Failed to load config from \"c:\\\\Users\\\\Adryan\\\\Adryan\\\\UFOP\\\\ES1\\\\Conecta-UFOP\\\\dataconnect\": could not find dataconnect.yaml in `c:\\Users\\Adryan\\Adryan\\UFOP\\ES1\\Conecta-UFOP\\dataconnect`\n"}}
[debug] [2026-02-18T03:54:39.501Z] E0218 00:54:39.501192   38748 watch.go:116] watchAllDir unable to walk dir `c:\Users\Adryan\Adryan\UFOP\ES1\Conecta-UFOP\dataconnect`: CreateFile c:\Users\Adryan\Adryan\UFOP\ES1\Conecta-UFOP\dataconnect: O sistema não pode encontrar o arquivo especificado.
E0218 00:54:39.501192   38748 watch.go:40] Failed to load config from "c:\\Users\\Adryan\\Adryan\\UFOP\\ES1\\Conecta-UFOP\\dataconnect": could not find dataconnect.yaml in `c:\Users\Adryan\Adryan\UFOP\ES1\Conecta-UFOP\dataconnect`
 {"metadata":{"emulator":{"name":"dataconnect"},"message":"E0218 00:54:39.501192   38748 watch.go:116] watchAllDir unable to walk dir `c:\\Users\\Adryan\\Adryan\\UFOP\\ES1\\Conecta-UFOP\\dataconnect`: CreateFile c:\\Users\\Adryan\\Adryan\\UFOP\\ES1\\Conecta-UFOP\\dataconnect: O sistema não pode encontrar o arquivo especificado.\nE0218 00:54:39.501192   38748 watch.go:40] Failed to load config from \"c:\\\\Users\\\\Adryan\\\\Adryan\\\\UFOP\\\\ES1\\\\Conecta-UFOP\\\\dataconnect\": could not find dataconnect.yaml in `c:\\Users\\Adryan\\Adryan\\UFOP\\ES1\\Conecta-UFOP\\dataconnect`\n"}}
[debug] [2026-02-18T03:54:49.501Z] E0218 00:54:49.501601   38748 watch.go:40] Failed to load config from "c:\\Users\\Adryan\\Adryan\\UFOP\\ES1\\Conecta-UFOP\\dataconnect": could not find dataconnect.yaml in `c:\Users\Adryan\Adryan\UFOP\ES1\Conecta-UFOP\dataconnect`
 {"metadata":{"emulator":{"name":"dataconnect"},"message":"E0218 00:54:49.501601   38748 watch.go:40] Failed to load config from \"c:\\\\Users\\\\Adryan\\\\Adryan\\\\UFOP\\\\ES1\\\\Conecta-UFOP\\\\dataconnect\": could not find dataconnect.yaml in `c:\\Users\\Adryan\\Adryan\\UFOP\\ES1\\Conecta-UFOP\\dataconnect`\n"}}
[debug] [2026-02-18T03:54:59.501Z] E0218 00:54:59.501148   38748 watch.go:40] Failed to load config from "c:\\Users\\Adryan\\Adryan\\UFOP\\ES1\\Conecta-UFOP\\dataconnect": could not find dataconnect.yaml in `c:\Users\Adryan\Adryan\UFOP\ES1\Conecta-UFOP\dataconnect`
 {"metadata":{"emulator":{"name":"dataconnect"},"message":"E0218 00:54:59.501148   38748 watch.go:40] Failed to load config from \"c:\\\\Users\\\\Adryan\\\\Adryan\\\\UFOP\\\\ES1\\\\Conecta-UFOP\\\\dataconnect\": could not find dataconnect.yaml in `c:\\Users\\Adryan\\Adryan\\UFOP\\ES1\\Conecta-UFOP\\dataconnect`\n"}}
[debug] [2026-02-18T03:55:09.501Z] E0218 00:55:09.501214   38748 watch.go:40] Failed to load config from "c:\\Users\\Adryan\\Adryan\\UFOP\\ES1\\Conecta-UFOP\\dataconnect": could not find dataconnect.yaml in `c:\Users\Adryan\Adryan\UFOP\ES1\Conecta-UFOP\dataconnect`
 {"metadata":{"emulator":{"name":"dataconnect"},"message":"E0218 00:55:09.501214   38748 watch.go:40] Failed to load config from \"c:\\\\Users\\\\Adryan\\\\Adryan\\\\UFOP\\\\ES1\\\\Conecta-UFOP\\\\dataconnect\": could not find dataconnect.yaml in `c:\\Users\\Adryan\\Adryan\\UFOP\\ES1\\Conecta-UFOP\\dataconnect`\n"}}
[debug] [2026-02-18T03:55:19.501Z] E0218 00:55:19.501297   38748 watch.go:40] Failed to load config from "c:\\Users\\Adryan\\Adryan\\UFOP\\ES1\\Conecta-UFOP\\dataconnect": could not find dataconnect.yaml in `c:\Users\Adryan\Adryan\UFOP\ES1\Conecta-UFOP\dataconnect`
 {"metadata":{"emulator":{"name":"dataconnect"},"message":"E0218 00:55:19.501297   38748 watch.go:40] Failed to load config from \"c:\\\\Users\\\\Adryan\\\\Adryan\\\\UFOP\\\\ES1\\\\Conecta-UFOP\\\\dataconnect\": could not find dataconnect.yaml in `c:\\Users\\Adryan\\Adryan\\UFOP\\ES1\\Conecta-UFOP\\dataconnect`\n"}}
[debug] [2026-02-18T03:55:29.501Z] E0218 00:55:29.501286   38748 watch.go:40] Failed to load config from "c:\\Users\\Adryan\\Adryan\\UFOP\\ES1\\Conecta-UFOP\\dataconnect": could not find dataconnect.yaml in `c:\Users\Adryan\Adryan\UFOP\ES1\Conecta-UFOP\dataconnect`
 {"metadata":{"emulator":{"name":"dataconnect"},"message":"E0218 00:55:29.501286   38748 watch.go:40] Failed to load config from \"c:\\\\Users\\\\Adryan\\\\Adryan\\\\UFOP\\\\ES1\\\\Conecta-UFOP\\\\dataconnect\": could not find dataconnect.yaml in `c:\\Users\\Adryan\\Adryan\\UFOP\\ES1\\Conecta-UFOP\\dataconnect`\n"}}
[debug] [2026-02-18T03:55:39.501Z] E0218 00:55:39.501071   38748 watch.go:116] watchAllDir unable to walk dir `c:\Users\Adryan\Adryan\UFOP\ES1\Conecta-UFOP\dataconnect`: CreateFile c:\Users\Adryan\Adryan\UFOP\ES1\Conecta-UFOP\dataconnect: O sistema não pode encontrar o arquivo especificado.
E0218 00:55:39.501071   38748 watch.go:40] Failed to load config from "c:\\Users\\Adryan\\Adryan\\UFOP\\ES1\\Conecta-UFOP\\dataconnect": could not find dataconnect.yaml in `c:\Users\Adryan\Adryan\UFOP\ES1\Conecta-UFOP\dataconnect`
 {"metadata":{"emulator":{"name":"dataconnect"},"message":"E0218 00:55:39.501071   38748 watch.go:116] watchAllDir unable to walk dir `c:\\Users\\Adryan\\Adryan\\UFOP\\ES1\\Conecta-UFOP\\dataconnect`: CreateFile c:\\Users\\Adryan\\Adryan\\UFOP\\ES1\\Conecta-UFOP\\dataconnect: O sistema não pode encontrar o arquivo especificado.\nE0218 00:55:39.501071   38748 watch.go:40] Failed to load config from \"c:\\\\Users\\\\Adryan\\\\Adryan\\\\UFOP\\\\ES1\\\\Conecta-UFOP\\\\dataconnect\": could not find dataconnect.yaml in `c:\\Users\\Adryan\\Adryan\\UFOP\\ES1\\Conecta-UFOP\\dataconnect`\n"}}
[debug] [2026-02-18T03:55:49.501Z] E0218 00:55:49.501500   38748 watch.go:40] Failed to load config from "c:\\Users\\Adryan\\Adryan\\UFOP\\ES1\\Conecta-UFOP\\dataconnect": could not find dataconnect.yaml in `c:\Users\Adryan\Adryan\UFOP\ES1\Conecta-UFOP\dataconnect`
 {"metadata":{"emulator":{"name":"dataconnect"},"message":"E0218 00:55:49.501500   38748 watch.go:40] Failed to load config from \"c:\\\\Users\\\\Adryan\\\\Adryan\\\\UFOP\\\\ES1\\\\Conecta-UFOP\\\\dataconnect\": could not find dataconnect.yaml in `c:\\Users\\Adryan\\Adryan\\UFOP\\ES1\\Conecta-UFOP\\dataconnect`\n"}}
[debug] [2026-02-18T03:55:59.501Z] E0218 00:55:59.501073   38748 watch.go:40] Failed to load config from "c:\\Users\\Adryan\\Adryan\\UFOP\\ES1\\Conecta-UFOP\\dataconnect": could not find dataconnect.yaml in `c:\Users\Adryan\Adryan\UFOP\ES1\Conecta-UFOP\dataconnect`
 {"metadata":{"emulator":{"name":"dataconnect"},"message":"E0218 00:55:59.501073   38748 watch.go:40] Failed to load config from \"c:\\\\Users\\\\Adryan\\\\Adryan\\\\UFOP\\\\ES1\\\\Conecta-UFOP\\\\dataconnect\": could not find dataconnect.yaml in `c:\\Users\\Adryan\\Adryan\\UFOP\\ES1\\Conecta-UFOP\\dataconnect`\n"}}
[debug] [2026-02-18T03:56:09.501Z] E0218 00:56:09.501124   38748 watch.go:40] Failed to load config from "c:\\Users\\Adryan\\Adryan\\UFOP\\ES1\\Conecta-UFOP\\dataconnect": could not find dataconnect.yaml in `c:\Users\Adryan\Adryan\UFOP\ES1\Conecta-UFOP\dataconnect`
 {"metadata":{"emulator":{"name":"dataconnect"},"message":"E0218 00:56:09.501124   38748 watch.go:40] Failed to load config from \"c:\\\\Users\\\\Adryan\\\\Adryan\\\\UFOP\\\\ES1\\\\Conecta-UFOP\\\\dataconnect\": could not find dataconnect.yaml in `c:\\Users\\Adryan\\Adryan\\UFOP\\ES1\\Conecta-UFOP\\dataconnect`\n"}}
[debug] [2026-02-18T03:56:19.501Z] E0218 00:56:19.501004   38748 watch.go:40] Failed to load config from "c:\\Users\\Adryan\\Adryan\\UFOP\\ES1\\Conecta-UFOP\\dataconnect": could not find dataconnect.yaml in `c:\Users\Adryan\Adryan\UFOP\ES1\Conecta-UFOP\dataconnect`
 {"metadata":{"emulator":{"name":"dataconnect"},"message":"E0218 00:56:19.501004   38748 watch.go:40] Failed to load config from \"c:\\\\Users\\\\Adryan\\\\Adryan\\\\UFOP\\\\ES1\\\\Conecta-UFOP\\\\dataconnect\": could not find dataconnect.yaml in `c:\\Users\\Adryan\\Adryan\\UFOP\\ES1\\Conecta-UFOP\\dataconnect`\n"}}
[debug] [2026-02-18T03:56:29.501Z] E0218 00:56:29.501080   38748 watch.go:40] Failed to load config from "c:\\Users\\Adryan\\Adryan\\UFOP\\ES1\\Conecta-UFOP\\dataconnect": could not find dataconnect.yaml in `c:\Users\Adryan\Adryan\UFOP\ES1\Conecta-UFOP\dataconnect`
 {"metadata":{"emulator":{"name":"dataconnect"},"message":"E0218 00:56:29.501080   38748 watch.go:40] Failed to load config from \"c:\\\\Users\\\\Adryan\\\\Adryan\\\\UFOP\\\\ES1\\\\Conecta-UFOP\\\\dataconnect\": could not find dataconnect.yaml in `c:\\Users\\Adryan\\Adryan\\UFOP\\ES1\\Conecta-UFOP\\dataconnect`\n"}}
[debug] [2026-02-18T03:56:39.501Z] E0218 00:56:39.501327   38748 watch.go:116] watchAllDir unable to walk dir `c:\Users\Adryan\Adryan\UFOP\ES1\Conecta-UFOP\dataconnect`: CreateFile c:\Users\Adryan\Adryan\UFOP\ES1\Conecta-UFOP\dataconnect: O sistema não pode encontrar o arquivo especificado.
E0218 00:56:39.501327   38748 watch.go:40] Failed to load config from "c:\\Users\\Adryan\\Adryan\\UFOP\\ES1\\Conecta-UFOP\\dataconnect": could not find dataconnect.yaml in `c:\Users\Adryan\Adryan\UFOP\ES1\Conecta-UFOP\dataconnect`
 {"metadata":{"emulator":{"name":"dataconnect"},"message":"E0218 00:56:39.501327   38748 watch.go:116] watchAllDir unable to walk dir `c:\\Users\\Adryan\\Adryan\\UFOP\\ES1\\Conecta-UFOP\\dataconnect`: CreateFile c:\\Users\\Adryan\\Adryan\\UFOP\\ES1\\Conecta-UFOP\\dataconnect: O sistema não pode encontrar o arquivo especificado.\nE0218 00:56:39.501327   38748 watch.go:40] Failed to load config from \"c:\\\\Users\\\\Adryan\\\\Adryan\\\\UFOP\\\\ES1\\\\Conecta-UFOP\\\\dataconnect\": could not find dataconnect.yaml in `c:\\Users\\Adryan\\Adryan\\UFOP\\ES1\\Conecta-UFOP\\dataconnect`\n"}}
[debug] [2026-02-18T03:56:49.501Z] E0218 00:56:49.501067   38748 watch.go:40] Failed to load config from "c:\\Users\\Adryan\\Adryan\\UFOP\\ES1\\Conecta-UFOP\\dataconnect": could not find dataconnect.yaml in `c:\Users\Adryan\Adryan\UFOP\ES1\Conecta-UFOP\dataconnect`
 {"metadata":{"emulator":{"name":"dataconnect"},"message":"E0218 00:56:49.501067   38748 watch.go:40] Failed to load config from \"c:\\\\Users\\\\Adryan\\\\Adryan\\\\UFOP\\\\ES1\\\\Conecta-UFOP\\\\dataconnect\": could not find dataconnect.yaml in `c:\\Users\\Adryan\\Adryan\\UFOP\\ES1\\Conecta-UFOP\\dataconnect`\n"}}
[debug] [2026-02-18T03:56:59.501Z] E0218 00:56:59.500974   38748 watch.go:40] Failed to load config from "c:\\Users\\Adryan\\Adryan\\UFOP\\ES1\\Conecta-UFOP\\dataconnect": could not find dataconnect.yaml in `c:\Users\Adryan\Adryan\UFOP\ES1\Conecta-UFOP\dataconnect`
 {"metadata":{"emulator":{"name":"dataconnect"},"message":"E0218 00:56:59.500974   38748 watch.go:40] Failed to load config from \"c:\\\\Users\\\\Adryan\\\\Adryan\\\\UFOP\\\\ES1\\\\Conecta-UFOP\\\\dataconnect\": could not find dataconnect.yaml in `c:\\Users\\Adryan\\Adryan\\UFOP\\ES1\\Conecta-UFOP\\dataconnect`\n"}}
[debug] [2026-02-18T03:57:09.501Z] E0218 00:57:09.500884   38748 watch.go:40] Failed to load config from "c:\\Users\\Adryan\\Adryan\\UFOP\\ES1\\Conecta-UFOP\\dataconnect": could not find dataconnect.yaml in `c:\Users\Adryan\Adryan\UFOP\ES1\Conecta-UFOP\dataconnect`
 {"metadata":{"emulator":{"name":"dataconnect"},"message":"E0218 00:57:09.500884   38748 watch.go:40] Failed to load config from \"c:\\\\Users\\\\Adryan\\\\Adryan\\\\UFOP\\\\ES1\\\\Conecta-UFOP\\\\dataconnect\": could not find dataconnect.yaml in `c:\\Users\\Adryan\\Adryan\\UFOP\\ES1\\Conecta-UFOP\\dataconnect`\n"}}
[debug] [2026-02-18T03:57:19.501Z] E0218 00:57:19.501277   38748 watch.go:40] Failed to load config from "c:\\Users\\Adryan\\Adryan\\UFOP\\ES1\\Conecta-UFOP\\dataconnect": could not find dataconnect.yaml in `c:\Users\Adryan\Adryan\UFOP\ES1\Conecta-UFOP\dataconnect`
 {"metadata":{"emulator":{"name":"dataconnect"},"message":"E0218 00:57:19.501277   38748 watch.go:40] Failed to load config from \"c:\\\\Users\\\\Adryan\\\\Adryan\\\\UFOP\\\\ES1\\\\Conecta-UFOP\\\\dataconnect\": could not find dataconnect.yaml in `c:\\Users\\Adryan\\Adryan\\UFOP\\ES1\\Conecta-UFOP\\dataconnect`\n"}}
[debug] [2026-02-18T03:57:29.500Z] E0218 00:57:29.500814   38748 watch.go:40] Failed to load config from "c:\\Users\\Adryan\\Adryan\\UFOP\\ES1\\Conecta-UFOP\\dataconnect": could not find dataconnect.yaml in `c:\Users\Adryan\Adryan\UFOP\ES1\Conecta-UFOP\dataconnect`
 {"metadata":{"emulator":{"name":"dataconnect"},"message":"E0218 00:57:29.500814   38748 watch.go:40] Failed to load config from \"c:\\\\Users\\\\Adryan\\\\Adryan\\\\UFOP\\\\ES1\\\\Conecta-UFOP\\\\dataconnect\": could not find dataconnect.yaml in `c:\\Users\\Adryan\\Adryan\\UFOP\\ES1\\Conecta-UFOP\\dataconnect`\n"}}
[debug] [2026-02-18T03:57:39.501Z] E0218 00:57:39.500837   38748 watch.go:116] watchAllDir unable to walk dir `c:\Users\Adryan\Adryan\UFOP\ES1\Conecta-UFOP\dataconnect`: CreateFile c:\Users\Adryan\Adryan\UFOP\ES1\Conecta-UFOP\dataconnect: O sistema não pode encontrar o arquivo especificado.
 {"metadata":{"emulator":{"name":"dataconnect"},"message":"E0218 00:57:39.500837   38748 watch.go:116] watchAllDir unable to walk dir `c:\\Users\\Adryan\\Adryan\\UFOP\\ES1\\Conecta-UFOP\\dataconnect`: CreateFile c:\\Users\\Adryan\\Adryan\\UFOP\\ES1\\Conecta-UFOP\\dataconnect: O sistema não pode encontrar o arquivo especificado.\n"}}
[debug] [2026-02-18T03:57:39.501Z] E0218 00:57:39.500837   38748 watch.go:40] Failed to load config from "c:\\Users\\Adryan\\Adryan\\UFOP\\ES1\\Conecta-UFOP\\dataconnect": could not find dataconnect.yaml in `c:\Users\Adryan\Adryan\UFOP\ES1\Conecta-UFOP\dataconnect`
 {"metadata":{"emulator":{"name":"dataconnect"},"message":"E0218 00:57:39.500837   38748 watch.go:40] Failed to load config from \"c:\\\\Users\\\\Adryan\\\\Adryan\\\\UFOP\\\\ES1\\\\Conecta-UFOP\\\\dataconnect\": could not find dataconnect.yaml in `c:\\Users\\Adryan\\Adryan\\UFOP\\ES1\\Conecta-UFOP\\dataconnect`\n"}}
[debug] [2026-02-18T03:57:49.501Z] E0218 00:57:49.501307   38748 watch.go:40] Failed to load config from "c:\\Users\\Adryan\\Adryan\\UFOP\\ES1\\Conecta-UFOP\\dataconnect": could not find dataconnect.yaml in `c:\Users\Adryan\Adryan\UFOP\ES1\Conecta-UFOP\dataconnect`
 {"metadata":{"emulator":{"name":"dataconnect"},"message":"E0218 00:57:49.501307   38748 watch.go:40] Failed to load config from \"c:\\\\Users\\\\Adryan\\\\Adryan\\\\UFOP\\\\ES1\\\\Conecta-UFOP\\\\dataconnect\": could not find dataconnect.yaml in `c:\\Users\\Adryan\\Adryan\\UFOP\\ES1\\Conecta-UFOP\\dataconnect`\n"}}
[debug] [2026-02-18T03:57:59.501Z] E0218 00:57:59.501832   38748 watch.go:40] Failed to load config from "c:\\Users\\Adryan\\Adryan\\UFOP\\ES1\\Conecta-UFOP\\dataconnect": could not find dataconnect.yaml in `c:\Users\Adryan\Adryan\UFOP\ES1\Conecta-UFOP\dataconnect`
 {"metadata":{"emulator":{"name":"dataconnect"},"message":"E0218 00:57:59.501832   38748 watch.go:40] Failed to load config from \"c:\\\\Users\\\\Adryan\\\\Adryan\\\\UFOP\\\\ES1\\\\Conecta-UFOP\\\\dataconnect\": could not find dataconnect.yaml in `c:\\Users\\Adryan\\Adryan\\UFOP\\ES1\\Conecta-UFOP\\dataconnect`\n"}}
[debug] [2026-02-18T03:58:09.501Z] E0218 00:58:09.500809   38748 watch.go:40] Failed to load config from "c:\\Users\\Adryan\\Adryan\\UFOP\\ES1\\Conecta-UFOP\\dataconnect": could not find dataconnect.yaml in `c:\Users\Adryan\Adryan\UFOP\ES1\Conecta-UFOP\dataconnect`
 {"metadata":{"emulator":{"name":"dataconnect"},"message":"E0218 00:58:09.500809   38748 watch.go:40] Failed to load config from \"c:\\\\Users\\\\Adryan\\\\Adryan\\\\UFOP\\\\ES1\\\\Conecta-UFOP\\\\dataconnect\": could not find dataconnect.yaml in `c:\\Users\\Adryan\\Adryan\\UFOP\\ES1\\Conecta-UFOP\\dataconnect`\n"}}
[debug] [2026-02-18T03:58:19.501Z] E0218 00:58:19.500823   38748 watch.go:40] Failed to load config from "c:\\Users\\Adryan\\Adryan\\UFOP\\ES1\\Conecta-UFOP\\dataconnect": could not find dataconnect.yaml in `c:\Users\Adryan\Adryan\UFOP\ES1\Conecta-UFOP\dataconnect`
 {"metadata":{"emulator":{"name":"dataconnect"},"message":"E0218 00:58:19.500823   38748 watch.go:40] Failed to load config from \"c:\\\\Users\\\\Adryan\\\\Adryan\\\\UFOP\\\\ES1\\\\Conecta-UFOP\\\\dataconnect\": could not find dataconnect.yaml in `c:\\Users\\Adryan\\Adryan\\UFOP\\ES1\\Conecta-UFOP\\dataconnect`\n"}}
[debug] [2026-02-18T03:58:29.501Z] E0218 00:58:29.501184   38748 watch.go:40] Failed to load config from "c:\\Users\\Adryan\\Adryan\\UFOP\\ES1\\Conecta-UFOP\\dataconnect": could not find dataconnect.yaml in `c:\Users\Adryan\Adryan\UFOP\ES1\Conecta-UFOP\dataconnect`
 {"metadata":{"emulator":{"name":"dataconnect"},"message":"E0218 00:58:29.501184   38748 watch.go:40] Failed to load config from \"c:\\\\Users\\\\Adryan\\\\Adryan\\\\UFOP\\\\ES1\\\\Conecta-UFOP\\\\dataconnect\": could not find dataconnect.yaml in `c:\\Users\\Adryan\\Adryan\\UFOP\\ES1\\Conecta-UFOP\\dataconnect`\n"}}
[debug] [2026-02-18T03:58:39.501Z] E0218 00:58:39.501312   38748 watch.go:116] watchAllDir unable to walk dir `c:\Users\Adryan\Adryan\UFOP\ES1\Conecta-UFOP\dataconnect`: CreateFile c:\Users\Adryan\Adryan\UFOP\ES1\Conecta-UFOP\dataconnect: O sistema não pode encontrar o arquivo especificado.
E0218 00:58:39.501312   38748 watch.go:40] Failed to load config from "c:\\Users\\Adryan\\Adryan\\UFOP\\ES1\\Conecta-UFOP\\dataconnect": could not find dataconnect.yaml in `c:\Users\Adryan\Adryan\UFOP\ES1\Conecta-UFOP\dataconnect`
 {"metadata":{"emulator":{"name":"dataconnect"},"message":"E0218 00:58:39.501312   38748 watch.go:116] watchAllDir unable to walk dir `c:\\Users\\Adryan\\Adryan\\UFOP\\ES1\\Conecta-UFOP\\dataconnect`: CreateFile c:\\Users\\Adryan\\Adryan\\UFOP\\ES1\\Conecta-UFOP\\dataconnect: O sistema não pode encontrar o arquivo especificado.\nE0218 00:58:39.501312   38748 watch.go:40] Failed to load config from \"c:\\\\Users\\\\Adryan\\\\Adryan\\\\UFOP\\\\ES1\\\\Conecta-UFOP\\\\dataconnect\": could not find dataconnect.yaml in `c:\\Users\\Adryan\\Adryan\\UFOP\\ES1\\Conecta-UFOP\\dataconnect`\n"}}
[debug] [2026-02-18T03:58:49.501Z] E0218 00:58:49.500842   38748 watch.go:40] Failed to load config from "c:\\Users\\Adryan\\Adryan\\UFOP\\ES1\\Conecta-UFOP\\dataconnect": could not find dataconnect.yaml in `c:\Users\Adryan\Adryan\UFOP\ES1\Conecta-UFOP\dataconnect`
 {"metadata":{"emulator":{"name":"dataconnect"},"message":"E0218 00:58:49.500842   38748 watch.go:40] Failed to load config from \"c:\\\\Users\\\\Adryan\\\\Adryan\\\\UFOP\\\\ES1\\\\Conecta-UFOP\\\\dataconnect\": could not find dataconnect.yaml in `c:\\Users\\Adryan\\Adryan\\UFOP\\ES1\\Conecta-UFOP\\dataconnect`\n"}}
[debug] [2026-02-18T03:58:59.501Z] E0218 00:58:59.501234   38748 watch.go:40] Failed to load config from "c:\\Users\\Adryan\\Adryan\\UFOP\\ES1\\Conecta-UFOP\\dataconnect": could not find dataconnect.yaml in `c:\Users\Adryan\Adryan\UFOP\ES1\Conecta-UFOP\dataconnect`
 {"metadata":{"emulator":{"name":"dataconnect"},"message":"E0218 00:58:59.501234   38748 watch.go:40] Failed to load config from \"c:\\\\Users\\\\Adryan\\\\Adryan\\\\UFOP\\\\ES1\\\\Conecta-UFOP\\\\dataconnect\": could not find dataconnect.yaml in `c:\\Users\\Adryan\\Adryan\\UFOP\\ES1\\Conecta-UFOP\\dataconnect`\n"}}
[debug] [2026-02-18T03:59:09.501Z] E0218 00:59:09.500931   38748 watch.go:40] Failed to load config from "c:\\Users\\Adryan\\Adryan\\UFOP\\ES1\\Conecta-UFOP\\dataconnect": could not find dataconnect.yaml in `c:\Users\Adryan\Adryan\UFOP\ES1\Conecta-UFOP\dataconnect`
 {"metadata":{"emulator":{"name":"dataconnect"},"message":"E0218 00:59:09.500931   38748 watch.go:40] Failed to load config from \"c:\\\\Users\\\\Adryan\\\\Adryan\\\\UFOP\\\\ES1\\\\Conecta-UFOP\\\\dataconnect\": could not find dataconnect.yaml in `c:\\Users\\Adryan\\Adryan\\UFOP\\ES1\\Conecta-UFOP\\dataconnect`\n"}}
[debug] [2026-02-18T03:59:19.501Z] E0218 00:59:19.501187   38748 watch.go:40] Failed to load config from "c:\\Users\\Adryan\\Adryan\\UFOP\\ES1\\Conecta-UFOP\\dataconnect": could not find dataconnect.yaml in `c:\Users\Adryan\Adryan\UFOP\ES1\Conecta-UFOP\dataconnect`
 {"metadata":{"emulator":{"name":"dataconnect"},"message":"E0218 00:59:19.501187   38748 watch.go:40] Failed to load config from \"c:\\\\Users\\\\Adryan\\\\Adryan\\\\UFOP\\\\ES1\\\\Conecta-UFOP\\\\dataconnect\": could not find dataconnect.yaml in `c:\\Users\\Adryan\\Adryan\\UFOP\\ES1\\Conecta-UFOP\\dataconnect`\n"}}
[debug] [2026-02-18T03:59:29.501Z] E0218 00:59:29.500873   38748 watch.go:40] Failed to load config from "c:\\Users\\Adryan\\Adryan\\UFOP\\ES1\\Conecta-UFOP\\dataconnect": could not find dataconnect.yaml in `c:\Users\Adryan\Adryan\UFOP\ES1\Conecta-UFOP\dataconnect`
 {"metadata":{"emulator":{"name":"dataconnect"},"message":"E0218 00:59:29.500873   38748 watch.go:40] Failed to load config from \"c:\\\\Users\\\\Adryan\\\\Adryan\\\\UFOP\\\\ES1\\\\Conecta-UFOP\\\\dataconnect\": could not find dataconnect.yaml in `c:\\Users\\Adryan\\Adryan\\UFOP\\ES1\\Conecta-UFOP\\dataconnect`\n"}}
[debug] [2026-02-18T03:59:39.501Z] E0218 00:59:39.500900   38748 watch.go:116] watchAllDir unable to walk dir `c:\Users\Adryan\Adryan\UFOP\ES1\Conecta-UFOP\dataconnect`: CreateFile c:\Users\Adryan\Adryan\UFOP\ES1\Conecta-UFOP\dataconnect: O sistema não pode encontrar o arquivo especificado.
E0218 00:59:39.500900   38748 watch.go:40] Failed to load config from "c:\\Users\\Adryan\\Adryan\\UFOP\\ES1\\Conecta-UFOP\\dataconnect": could not find dataconnect.yaml in `c:\Users\Adryan\Adryan\UFOP\ES1\Conecta-UFOP\dataconnect`
 {"metadata":{"emulator":{"name":"dataconnect"},"message":"E0218 00:59:39.500900   38748 watch.go:116] watchAllDir unable to walk dir `c:\\Users\\Adryan\\Adryan\\UFOP\\ES1\\Conecta-UFOP\\dataconnect`: CreateFile c:\\Users\\Adryan\\Adryan\\UFOP\\ES1\\Conecta-UFOP\\dataconnect: O sistema não pode encontrar o arquivo especificado.\nE0218 00:59:39.500900   38748 watch.go:40] Failed to load config from \"c:\\\\Users\\\\Adryan\\\\Adryan\\\\UFOP\\\\ES1\\\\Conecta-UFOP\\\\dataconnect\": could not find dataconnect.yaml in `c:\\Users\\Adryan\\Adryan\\UFOP\\ES1\\Conecta-UFOP\\dataconnect`\n"}}
[debug] [2026-02-18T03:59:49.501Z] E0218 00:59:49.500968   38748 watch.go:40] Failed to load config from "c:\\Users\\Adryan\\Adryan\\UFOP\\ES1\\Conecta-UFOP\\dataconnect": could not find dataconnect.yaml in `c:\Users\Adryan\Adryan\UFOP\ES1\Conecta-UFOP\dataconnect`
 {"metadata":{"emulator":{"name":"dataconnect"},"message":"E0218 00:59:49.500968   38748 watch.go:40] Failed to load config from \"c:\\\\Users\\\\Adryan\\\\Adryan\\\\UFOP\\\\ES1\\\\Conecta-UFOP\\\\dataconnect\": could not find dataconnect.yaml in `c:\\Users\\Adryan\\Adryan\\UFOP\\ES1\\Conecta-UFOP\\dataconnect`\n"}}
[debug] [2026-02-18T03:59:59.501Z] E0218 00:59:59.500991   38748 watch.go:40] Failed to load config from "c:\\Users\\Adryan\\Adryan\\UFOP\\ES1\\Conecta-UFOP\\dataconnect": could not find dataconnect.yaml in `c:\Users\Adryan\Adryan\UFOP\ES1\Conecta-UFOP\dataconnect`
 {"metadata":{"emulator":{"name":"dataconnect"},"message":"E0218 00:59:59.500991   38748 watch.go:40] Failed to load config from \"c:\\\\Users\\\\Adryan\\\\Adryan\\\\UFOP\\\\ES1\\\\Conecta-UFOP\\\\dataconnect\": could not find dataconnect.yaml in `c:\\Users\\Adryan\\Adryan\\UFOP\\ES1\\Conecta-UFOP\\dataconnect`\n"}}
[debug] [2026-02-18T04:00:09.501Z] E0218 01:00:09.501591   38748 watch.go:40] Failed to load config from "c:\\Users\\Adryan\\Adryan\\UFOP\\ES1\\Conecta-UFOP\\dataconnect": could not find dataconnect.yaml in `c:\Users\Adryan\Adryan\UFOP\ES1\Conecta-UFOP\dataconnect`
 {"metadata":{"emulator":{"name":"dataconnect"},"message":"E0218 01:00:09.501591   38748 watch.go:40] Failed to load config from \"c:\\\\Users\\\\Adryan\\\\Adryan\\\\UFOP\\\\ES1\\\\Conecta-UFOP\\\\dataconnect\": could not find dataconnect.yaml in `c:\\Users\\Adryan\\Adryan\\UFOP\\ES1\\Conecta-UFOP\\dataconnect`\n"}}
[debug] [2026-02-18T04:00:19.501Z] E0218 01:00:19.500952   38748 watch.go:40] Failed to load config from "c:\\Users\\Adryan\\Adryan\\UFOP\\ES1\\Conecta-UFOP\\dataconnect": could not find dataconnect.yaml in `c:\Users\Adryan\Adryan\UFOP\ES1\Conecta-UFOP\dataconnect`
 {"metadata":{"emulator":{"name":"dataconnect"},"message":"E0218 01:00:19.500952   38748 watch.go:40] Failed to load config from \"c:\\\\Users\\\\Adryan\\\\Adryan\\\\UFOP\\\\ES1\\\\Conecta-UFOP\\\\dataconnect\": could not find dataconnect.yaml in `c:\\Users\\Adryan\\Adryan\\UFOP\\ES1\\Conecta-UFOP\\dataconnect`\n"}}
[debug] [2026-02-18T04:00:29.501Z] E0218 01:00:29.501194   38748 watch.go:40] Failed to load config from "c:\\Users\\Adryan\\Adryan\\UFOP\\ES1\\Conecta-UFOP\\dataconnect": could not find dataconnect.yaml in `c:\Users\Adryan\Adryan\UFOP\ES1\Conecta-UFOP\dataconnect`
 {"metadata":{"emulator":{"name":"dataconnect"},"message":"E0218 01:00:29.501194   38748 watch.go:40] Failed to load config from \"c:\\\\Users\\\\Adryan\\\\Adryan\\\\UFOP\\\\ES1\\\\Conecta-UFOP\\\\dataconnect\": could not find dataconnect.yaml in `c:\\Users\\Adryan\\Adryan\\UFOP\\ES1\\Conecta-UFOP\\dataconnect`\n"}}
[debug] [2026-02-18T04:00:39.501Z] E0218 01:00:39.501064   38748 watch.go:116] watchAllDir unable to walk dir `c:\Users\Adryan\Adryan\UFOP\ES1\Conecta-UFOP\dataconnect`: CreateFile c:\Users\Adryan\Adryan\UFOP\ES1\Conecta-UFOP\dataconnect: O sistema não pode encontrar o arquivo especificado.
E0218 01:00:39.501064   38748 watch.go:40] Failed to load config from "c:\\Users\\Adryan\\Adryan\\UFOP\\ES1\\Conecta-UFOP\\dataconnect": could not find dataconnect.yaml in `c:\Users\Adryan\Adryan\UFOP\ES1\Conecta-UFOP\dataconnect`
 {"metadata":{"emulator":{"name":"dataconnect"},"message":"E0218 01:00:39.501064   38748 watch.go:116] watchAllDir unable to walk dir `c:\\Users\\Adryan\\Adryan\\UFOP\\ES1\\Conecta-UFOP\\dataconnect`: CreateFile c:\\Users\\Adryan\\Adryan\\UFOP\\ES1\\Conecta-UFOP\\dataconnect: O sistema não pode encontrar o arquivo especificado.\nE0218 01:00:39.501064   38748 watch.go:40] Failed to load config from \"c:\\\\Users\\\\Adryan\\\\Adryan\\\\UFOP\\\\ES1\\\\Conecta-UFOP\\\\dataconnect\": could not find dataconnect.yaml in `c:\\Users\\Adryan\\Adryan\\UFOP\\ES1\\Conecta-UFOP\\dataconnect`\n"}}
[debug] [2026-02-18T04:00:49.501Z] E0218 01:00:49.501015   38748 watch.go:40] Failed to load config from "c:\\Users\\Adryan\\Adryan\\UFOP\\ES1\\Conecta-UFOP\\dataconnect": could not find dataconnect.yaml in `c:\Users\Adryan\Adryan\UFOP\ES1\Conecta-UFOP\dataconnect`
 {"metadata":{"emulator":{"name":"dataconnect"},"message":"E0218 01:00:49.501015   38748 watch.go:40] Failed to load config from \"c:\\\\Users\\\\Adryan\\\\Adryan\\\\UFOP\\\\ES1\\\\Conecta-UFOP\\\\dataconnect\": could not find dataconnect.yaml in `c:\\Users\\Adryan\\Adryan\\UFOP\\ES1\\Conecta-UFOP\\dataconnect`\n"}}
[debug] [2026-02-18T04:00:59.501Z] E0218 01:00:59.501235   38748 watch.go:40] Failed to load config from "c:\\Users\\Adryan\\Adryan\\UFOP\\ES1\\Conecta-UFOP\\dataconnect": could not find dataconnect.yaml in `c:\Users\Adryan\Adryan\UFOP\ES1\Conecta-UFOP\dataconnect`
 {"metadata":{"emulator":{"name":"dataconnect"},"message":"E0218 01:00:59.501235   38748 watch.go:40] Failed to load config from \"c:\\\\Users\\\\Adryan\\\\Adryan\\\\UFOP\\\\ES1\\\\Conecta-UFOP\\\\dataconnect\": could not find dataconnect.yaml in `c:\\Users\\Adryan\\Adryan\\UFOP\\ES1\\Conecta-UFOP\\dataconnect`\n"}}
[debug] [2026-02-18T04:01:09.501Z] E0218 01:01:09.501274   38748 watch.go:40] Failed to load config from "c:\\Users\\Adryan\\Adryan\\UFOP\\ES1\\Conecta-UFOP\\dataconnect": could not find dataconnect.yaml in `c:\Users\Adryan\Adryan\UFOP\ES1\Conecta-UFOP\dataconnect`
 {"metadata":{"emulator":{"name":"dataconnect"},"message":"E0218 01:01:09.501274   38748 watch.go:40] Failed to load config from \"c:\\\\Users\\\\Adryan\\\\Adryan\\\\UFOP\\\\ES1\\\\Conecta-UFOP\\\\dataconnect\": could not find dataconnect.yaml in `c:\\Users\\Adryan\\Adryan\\UFOP\\ES1\\Conecta-UFOP\\dataconnect`\n"}}
[debug] [2026-02-18T04:01:19.501Z] E0218 01:01:19.500860   38748 watch.go:40] Failed to load config from "c:\\Users\\Adryan\\Adryan\\UFOP\\ES1\\Conecta-UFOP\\dataconnect": could not find dataconnect.yaml in `c:\Users\Adryan\Adryan\UFOP\ES1\Conecta-UFOP\dataconnect`
 {"metadata":{"emulator":{"name":"dataconnect"},"message":"E0218 01:01:19.500860   38748 watch.go:40] Failed to load config from \"c:\\\\Users\\\\Adryan\\\\Adryan\\\\UFOP\\\\ES1\\\\Conecta-UFOP\\\\dataconnect\": could not find dataconnect.yaml in `c:\\Users\\Adryan\\Adryan\\UFOP\\ES1\\Conecta-UFOP\\dataconnect`\n"}}
[debug] [2026-02-18T04:01:29.501Z] E0218 01:01:29.501143   38748 watch.go:40] Failed to load config from "c:\\Users\\Adryan\\Adryan\\UFOP\\ES1\\Conecta-UFOP\\dataconnect": could not find dataconnect.yaml in `c:\Users\Adryan\Adryan\UFOP\ES1\Conecta-UFOP\dataconnect`
 {"metadata":{"emulator":{"name":"dataconnect"},"message":"E0218 01:01:29.501143   38748 watch.go:40] Failed to load config from \"c:\\\\Users\\\\Adryan\\\\Adryan\\\\UFOP\\\\ES1\\\\Conecta-UFOP\\\\dataconnect\": could not find dataconnect.yaml in `c:\\Users\\Adryan\\Adryan\\UFOP\\ES1\\Conecta-UFOP\\dataconnect`\n"}}
[debug] [2026-02-18T04:01:39.501Z] E0218 01:01:39.500984   38748 watch.go:116] watchAllDir unable to walk dir `c:\Users\Adryan\Adryan\UFOP\ES1\Conecta-UFOP\dataconnect`: CreateFile c:\Users\Adryan\Adryan\UFOP\ES1\Conecta-UFOP\dataconnect: O sistema não pode encontrar o arquivo especificado.
 {"metadata":{"emulator":{"name":"dataconnect"},"message":"E0218 01:01:39.500984   38748 watch.go:116] watchAllDir unable to walk dir `c:\\Users\\Adryan\\Adryan\\UFOP\\ES1\\Conecta-UFOP\\dataconnect`: CreateFile c:\\Users\\Adryan\\Adryan\\UFOP\\ES1\\Conecta-UFOP\\dataconnect: O sistema não pode encontrar o arquivo especificado.\n"}}
[debug] [2026-02-18T04:01:39.501Z] E0218 01:01:39.500984   38748 watch.go:40] Failed to load config from "c:\\Users\\Adryan\\Adryan\\UFOP\\ES1\\Conecta-UFOP\\dataconnect": could not find dataconnect.yaml in `c:\Users\Adryan\Adryan\UFOP\ES1\Conecta-UFOP\dataconnect`
 {"metadata":{"emulator":{"name":"dataconnect"},"message":"E0218 01:01:39.500984   38748 watch.go:40] Failed to load config from \"c:\\\\Users\\\\Adryan\\\\Adryan\\\\UFOP\\\\ES1\\\\Conecta-UFOP\\\\dataconnect\": could not find dataconnect.yaml in `c:\\Users\\Adryan\\Adryan\\UFOP\\ES1\\Conecta-UFOP\\dataconnect`\n"}}
[debug] [2026-02-18T04:01:49.501Z] E0218 01:01:49.501184   38748 watch.go:40] Failed to load config from "c:\\Users\\Adryan\\Adryan\\UFOP\\ES1\\Conecta-UFOP\\dataconnect": could not find dataconnect.yaml in `c:\Users\Adryan\Adryan\UFOP\ES1\Conecta-UFOP\dataconnect`
 {"metadata":{"emulator":{"name":"dataconnect"},"message":"E0218 01:01:49.501184   38748 watch.go:40] Failed to load config from \"c:\\\\Users\\\\Adryan\\\\Adryan\\\\UFOP\\\\ES1\\\\Conecta-UFOP\\\\dataconnect\": could not find dataconnect.yaml in `c:\\Users\\Adryan\\Adryan\\UFOP\\ES1\\Conecta-UFOP\\dataconnect`\n"}}
[debug] [2026-02-18T04:01:59.501Z] E0218 01:01:59.501059   38748 watch.go:40] Failed to load config from "c:\\Users\\Adryan\\Adryan\\UFOP\\ES1\\Conecta-UFOP\\dataconnect": could not find dataconnect.yaml in `c:\Users\Adryan\Adryan\UFOP\ES1\Conecta-UFOP\dataconnect`
 {"metadata":{"emulator":{"name":"dataconnect"},"message":"E0218 01:01:59.501059   38748 watch.go:40] Failed to load config from \"c:\\\\Users\\\\Adryan\\\\Adryan\\\\UFOP\\\\ES1\\\\Conecta-UFOP\\\\dataconnect\": could not find dataconnect.yaml in `c:\\Users\\Adryan\\Adryan\\UFOP\\ES1\\Conecta-UFOP\\dataconnect`\n"}}
[debug] [2026-02-18T04:02:09.501Z] E0218 01:02:09.501073   38748 watch.go:40] Failed to load config from "c:\\Users\\Adryan\\Adryan\\UFOP\\ES1\\Conecta-UFOP\\dataconnect": could not find dataconnect.yaml in `c:\Users\Adryan\Adryan\UFOP\ES1\Conecta-UFOP\dataconnect`
 {"metadata":{"emulator":{"name":"dataconnect"},"message":"E0218 01:02:09.501073   38748 watch.go:40] Failed to load config from \"c:\\\\Users\\\\Adryan\\\\Adryan\\\\UFOP\\\\ES1\\\\Conecta-UFOP\\\\dataconnect\": could not find dataconnect.yaml in `c:\\Users\\Adryan\\Adryan\\UFOP\\ES1\\Conecta-UFOP\\dataconnect`\n"}}
[debug] [2026-02-18T04:02:19.501Z] E0218 01:02:19.500990   38748 watch.go:40] Failed to load config from "c:\\Users\\Adryan\\Adryan\\UFOP\\ES1\\Conecta-UFOP\\dataconnect": could not find dataconnect.yaml in `c:\Users\Adryan\Adryan\UFOP\ES1\Conecta-UFOP\dataconnect`
 {"metadata":{"emulator":{"name":"dataconnect"},"message":"E0218 01:02:19.500990   38748 watch.go:40] Failed to load config from \"c:\\\\Users\\\\Adryan\\\\Adryan\\\\UFOP\\\\ES1\\\\Conecta-UFOP\\\\dataconnect\": could not find dataconnect.yaml in `c:\\Users\\Adryan\\Adryan\\UFOP\\ES1\\Conecta-UFOP\\dataconnect`\n"}}
[debug] [2026-02-18T04:02:29.501Z] E0218 01:02:29.500936   38748 watch.go:40] Failed to load config from "c:\\Users\\Adryan\\Adryan\\UFOP\\ES1\\Conecta-UFOP\\dataconnect": could not find dataconnect.yaml in `c:\Users\Adryan\Adryan\UFOP\ES1\Conecta-UFOP\dataconnect`
 {"metadata":{"emulator":{"name":"dataconnect"},"message":"E0218 01:02:29.500936   38748 watch.go:40] Failed to load config from \"c:\\\\Users\\\\Adryan\\\\Adryan\\\\UFOP\\\\ES1\\\\Conecta-UFOP\\\\dataconnect\": could not find dataconnect.yaml in `c:\\Users\\Adryan\\Adryan\\UFOP\\ES1\\Conecta-UFOP\\dataconnect`\n"}}
[debug] [2026-02-18T04:02:39.501Z] E0218 01:02:39.500961   38748 watch.go:116] watchAllDir unable to walk dir `c:\Users\Adryan\Adryan\UFOP\ES1\Conecta-UFOP\dataconnect`: CreateFile c:\Users\Adryan\Adryan\UFOP\ES1\Conecta-UFOP\dataconnect: O sistema não pode encontrar o arquivo especificado.
 {"metadata":{"emulator":{"name":"dataconnect"},"message":"E0218 01:02:39.500961   38748 watch.go:116] watchAllDir unable to walk dir `c:\\Users\\Adryan\\Adryan\\UFOP\\ES1\\Conecta-UFOP\\dataconnect`: CreateFile c:\\Users\\Adryan\\Adryan\\UFOP\\ES1\\Conecta-UFOP\\dataconnect: O sistema não pode encontrar o arquivo especificado.\n"}}
[debug] [2026-02-18T04:02:39.501Z] E0218 01:02:39.500961   38748 watch.go:40] Failed to load config from "c:\\Users\\Adryan\\Adryan\\UFOP\\ES1\\Conecta-UFOP\\dataconnect": could not find dataconnect.yaml in `c:\Users\Adryan\Adryan\UFOP\ES1\Conecta-UFOP\dataconnect`
 {"metadata":{"emulator":{"name":"dataconnect"},"message":"E0218 01:02:39.500961   38748 watch.go:40] Failed to load config from \"c:\\\\Users\\\\Adryan\\\\Adryan\\\\UFOP\\\\ES1\\\\Conecta-UFOP\\\\dataconnect\": could not find dataconnect.yaml in `c:\\Users\\Adryan\\Adryan\\UFOP\\ES1\\Conecta-UFOP\\dataconnect`\n"}}
[debug] [2026-02-18T04:02:49.501Z] E0218 01:02:49.501149   38748 watch.go:40] Failed to load config from "c:\\Users\\Adryan\\Adryan\\UFOP\\ES1\\Conecta-UFOP\\dataconnect": could not find dataconnect.yaml in `c:\Users\Adryan\Adryan\UFOP\ES1\Conecta-UFOP\dataconnect`
 {"metadata":{"emulator":{"name":"dataconnect"},"message":"E0218 01:02:49.501149   38748 watch.go:40] Failed to load config from \"c:\\\\Users\\\\Adryan\\\\Adryan\\\\UFOP\\\\ES1\\\\Conecta-UFOP\\\\dataconnect\": could not find dataconnect.yaml in `c:\\Users\\Adryan\\Adryan\\UFOP\\ES1\\Conecta-UFOP\\dataconnect`\n"}}
[debug] [2026-02-18T04:02:59.501Z] E0218 01:02:59.501025   38748 watch.go:40] Failed to load config from "c:\\Users\\Adryan\\Adryan\\UFOP\\ES1\\Conecta-UFOP\\dataconnect": could not find dataconnect.yaml in `c:\Users\Adryan\Adryan\UFOP\ES1\Conecta-UFOP\dataconnect`
 {"metadata":{"emulator":{"name":"dataconnect"},"message":"E0218 01:02:59.501025   38748 watch.go:40] Failed to load config from \"c:\\\\Users\\\\Adryan\\\\Adryan\\\\UFOP\\\\ES1\\\\Conecta-UFOP\\\\dataconnect\": could not find dataconnect.yaml in `c:\\Users\\Adryan\\Adryan\\UFOP\\ES1\\Conecta-UFOP\\dataconnect`\n"}}
[debug] [2026-02-18T04:03:09.501Z] E0218 01:03:09.501218   38748 watch.go:40] Failed to load config from "c:\\Users\\Adryan\\Adryan\\UFOP\\ES1\\Conecta-UFOP\\dataconnect": could not find dataconnect.yaml in `c:\Users\Adryan\Adryan\UFOP\ES1\Conecta-UFOP\dataconnect`
 {"metadata":{"emulator":{"name":"dataconnect"},"message":"E0218 01:03:09.501218   38748 watch.go:40] Failed to load config from \"c:\\\\Users\\\\Adryan\\\\Adryan\\\\UFOP\\\\ES1\\\\Conecta-UFOP\\\\dataconnect\": could not find dataconnect.yaml in `c:\\Users\\Adryan\\Adryan\\UFOP\\ES1\\Conecta-UFOP\\dataconnect`\n"}}
[debug] [2026-02-18T04:03:19.501Z] E0218 01:03:19.501307   38748 watch.go:40] Failed to load config from "c:\\Users\\Adryan\\Adryan\\UFOP\\ES1\\Conecta-UFOP\\dataconnect": could not find dataconnect.yaml in `c:\Users\Adryan\Adryan\UFOP\ES1\Conecta-UFOP\dataconnect`
 {"metadata":{"emulator":{"name":"dataconnect"},"message":"E0218 01:03:19.501307   38748 watch.go:40] Failed to load config from \"c:\\\\Users\\\\Adryan\\\\Adryan\\\\UFOP\\\\ES1\\\\Conecta-UFOP\\\\dataconnect\": could not find dataconnect.yaml in `c:\\Users\\Adryan\\Adryan\\UFOP\\ES1\\Conecta-UFOP\\dataconnect`\n"}}
[debug] [2026-02-18T04:03:29.501Z] E0218 01:03:29.501031   38748 watch.go:40] Failed to load config from "c:\\Users\\Adryan\\Adryan\\UFOP\\ES1\\Conecta-UFOP\\dataconnect": could not find dataconnect.yaml in `c:\Users\Adryan\Adryan\UFOP\ES1\Conecta-UFOP\dataconnect`
 {"metadata":{"emulator":{"name":"dataconnect"},"message":"E0218 01:03:29.501031   38748 watch.go:40] Failed to load config from \"c:\\\\Users\\\\Adryan\\\\Adryan\\\\UFOP\\\\ES1\\\\Conecta-UFOP\\\\dataconnect\": could not find dataconnect.yaml in `c:\\Users\\Adryan\\Adryan\\UFOP\\ES1\\Conecta-UFOP\\dataconnect`\n"}}
[debug] [2026-02-18T04:03:39.501Z] E0218 01:03:39.501113   38748 watch.go:116] watchAllDir unable to walk dir `c:\Users\Adryan\Adryan\UFOP\ES1\Conecta-UFOP\dataconnect`: CreateFile c:\Users\Adryan\Adryan\UFOP\ES1\Conecta-UFOP\dataconnect: O sistema não pode encontrar o arquivo especificado.
 {"metadata":{"emulator":{"name":"dataconnect"},"message":"E0218 01:03:39.501113   38748 watch.go:116] watchAllDir unable to walk dir `c:\\Users\\Adryan\\Adryan\\UFOP\\ES1\\Conecta-UFOP\\dataconnect`: CreateFile c:\\Users\\Adryan\\Adryan\\UFOP\\ES1\\Conecta-UFOP\\dataconnect: O sistema não pode encontrar o arquivo especificado.\n"}}
[debug] [2026-02-18T04:03:39.501Z] E0218 01:03:39.501113   38748 watch.go:40] Failed to load config from "c:\\Users\\Adryan\\Adryan\\UFOP\\ES1\\Conecta-UFOP\\dataconnect": could not find dataconnect.yaml in `c:\Users\Adryan\Adryan\UFOP\ES1\Conecta-UFOP\dataconnect`
 {"metadata":{"emulator":{"name":"dataconnect"},"message":"E0218 01:03:39.501113   38748 watch.go:40] Failed to load config from \"c:\\\\Users\\\\Adryan\\\\Adryan\\\\UFOP\\\\ES1\\\\Conecta-UFOP\\\\dataconnect\": could not find dataconnect.yaml in `c:\\Users\\Adryan\\Adryan\\UFOP\\ES1\\Conecta-UFOP\\dataconnect`\n"}}
[debug] [2026-02-18T04:03:49.501Z] E0218 01:03:49.500911   38748 watch.go:40] Failed to load config from "c:\\Users\\Adryan\\Adryan\\UFOP\\ES1\\Conecta-UFOP\\dataconnect": could not find dataconnect.yaml in `c:\Users\Adryan\Adryan\UFOP\ES1\Conecta-UFOP\dataconnect`
 {"metadata":{"emulator":{"name":"dataconnect"},"message":"E0218 01:03:49.500911   38748 watch.go:40] Failed to load config from \"c:\\\\Users\\\\Adryan\\\\Adryan\\\\UFOP\\\\ES1\\\\Conecta-UFOP\\\\dataconnect\": could not find dataconnect.yaml in `c:\\Users\\Adryan\\Adryan\\UFOP\\ES1\\Conecta-UFOP\\dataconnect`\n"}}
[debug] [2026-02-18T04:03:59.501Z] E0218 01:03:59.501129   38748 watch.go:40] Failed to load config from "c:\\Users\\Adryan\\Adryan\\UFOP\\ES1\\Conecta-UFOP\\dataconnect": could not find dataconnect.yaml in `c:\Users\Adryan\Adryan\UFOP\ES1\Conecta-UFOP\dataconnect`
 {"metadata":{"emulator":{"name":"dataconnect"},"message":"E0218 01:03:59.501129   38748 watch.go:40] Failed to load config from \"c:\\\\Users\\\\Adryan\\\\Adryan\\\\UFOP\\\\ES1\\\\Conecta-UFOP\\\\dataconnect\": could not find dataconnect.yaml in `c:\\Users\\Adryan\\Adryan\\UFOP\\ES1\\Conecta-UFOP\\dataconnect`\n"}}
[debug] [2026-02-18T04:04:09.501Z] E0218 01:04:09.500895   38748 watch.go:40] Failed to load config from "c:\\Users\\Adryan\\Adryan\\UFOP\\ES1\\Conecta-UFOP\\dataconnect": could not find dataconnect.yaml in `c:\Users\Adryan\Adryan\UFOP\ES1\Conecta-UFOP\dataconnect`
 {"metadata":{"emulator":{"name":"dataconnect"},"message":"E0218 01:04:09.500895   38748 watch.go:40] Failed to load config from \"c:\\\\Users\\\\Adryan\\\\Adryan\\\\UFOP\\\\ES1\\\\Conecta-UFOP\\\\dataconnect\": could not find dataconnect.yaml in `c:\\Users\\Adryan\\Adryan\\UFOP\\ES1\\Conecta-UFOP\\dataconnect`\n"}}
[debug] [2026-02-18T04:04:19.501Z] E0218 01:04:19.500873   38748 watch.go:40] Failed to load config from "c:\\Users\\Adryan\\Adryan\\UFOP\\ES1\\Conecta-UFOP\\dataconnect": could not find dataconnect.yaml in `c:\Users\Adryan\Adryan\UFOP\ES1\Conecta-UFOP\dataconnect`
 {"metadata":{"emulator":{"name":"dataconnect"},"message":"E0218 01:04:19.500873   38748 watch.go:40] Failed to load config from \"c:\\\\Users\\\\Adryan\\\\Adryan\\\\UFOP\\\\ES1\\\\Conecta-UFOP\\\\dataconnect\": could not find dataconnect.yaml in `c:\\Users\\Adryan\\Adryan\\UFOP\\ES1\\Conecta-UFOP\\dataconnect`\n"}}
[debug] [2026-02-18T04:04:29.501Z] E0218 01:04:29.500835   38748 watch.go:40] Failed to load config from "c:\\Users\\Adryan\\Adryan\\UFOP\\ES1\\Conecta-UFOP\\dataconnect": could not find dataconnect.yaml in `c:\Users\Adryan\Adryan\UFOP\ES1\Conecta-UFOP\dataconnect`
 {"metadata":{"emulator":{"name":"dataconnect"},"message":"E0218 01:04:29.500835   38748 watch.go:40] Failed to load config from \"c:\\\\Users\\\\Adryan\\\\Adryan\\\\UFOP\\\\ES1\\\\Conecta-UFOP\\\\dataconnect\": could not find dataconnect.yaml in `c:\\Users\\Adryan\\Adryan\\UFOP\\ES1\\Conecta-UFOP\\dataconnect`\n"}}
[debug] [2026-02-18T04:04:39.501Z] E0218 01:04:39.501154   38748 watch.go:40] Failed to load config from "c:\\Users\\Adryan\\Adryan\\UFOP\\ES1\\Conecta-UFOP\\dataconnect": could not find dataconnect.yaml in `c:\Users\Adryan\Adryan\UFOP\ES1\Conecta-UFOP\dataconnect`
E0218 01:04:39.501154   38748 watch.go:116] watchAllDir unable to walk dir `c:\Users\Adryan\Adryan\UFOP\ES1\Conecta-UFOP\dataconnect`: CreateFile c:\Users\Adryan\Adryan\UFOP\ES1\Conecta-UFOP\dataconnect: O sistema não pode encontrar o arquivo especificado.
 {"metadata":{"emulator":{"name":"dataconnect"},"message":"E0218 01:04:39.501154   38748 watch.go:40] Failed to load config from \"c:\\\\Users\\\\Adryan\\\\Adryan\\\\UFOP\\\\ES1\\\\Conecta-UFOP\\\\dataconnect\": could not find dataconnect.yaml in `c:\\Users\\Adryan\\Adryan\\UFOP\\ES1\\Conecta-UFOP\\dataconnect`\nE0218 01:04:39.501154   38748 watch.go:116] watchAllDir unable to walk dir `c:\\Users\\Adryan\\Adryan\\UFOP\\ES1\\Conecta-UFOP\\dataconnect`: CreateFile c:\\Users\\Adryan\\Adryan\\UFOP\\ES1\\Conecta-UFOP\\dataconnect: O sistema não pode encontrar o arquivo especificado.\n"}}
[debug] [2026-02-18T04:04:49.501Z] E0218 01:04:49.500890   38748 watch.go:40] Failed to load config from "c:\\Users\\Adryan\\Adryan\\UFOP\\ES1\\Conecta-UFOP\\dataconnect": could not find dataconnect.yaml in `c:\Users\Adryan\Adryan\UFOP\ES1\Conecta-UFOP\dataconnect`
 {"metadata":{"emulator":{"name":"dataconnect"},"message":"E0218 01:04:49.500890   38748 watch.go:40] Failed to load config from \"c:\\\\Users\\\\Adryan\\\\Adryan\\\\UFOP\\\\ES1\\\\Conecta-UFOP\\\\dataconnect\": could not find dataconnect.yaml in `c:\\Users\\Adryan\\Adryan\\UFOP\\ES1\\Conecta-UFOP\\dataconnect`\n"}}
[debug] [2026-02-18T04:04:59.501Z] E0218 01:04:59.500925   38748 watch.go:40] Failed to load config from "c:\\Users\\Adryan\\Adryan\\UFOP\\ES1\\Conecta-UFOP\\dataconnect": could not find dataconnect.yaml in `c:\Users\Adryan\Adryan\UFOP\ES1\Conecta-UFOP\dataconnect`
 {"metadata":{"emulator":{"name":"dataconnect"},"message":"E0218 01:04:59.500925   38748 watch.go:40] Failed to load config from \"c:\\\\Users\\\\Adryan\\\\Adryan\\\\UFOP\\\\ES1\\\\Conecta-UFOP\\\\dataconnect\": could not find dataconnect.yaml in `c:\\Users\\Adryan\\Adryan\\UFOP\\ES1\\Conecta-UFOP\\dataconnect`\n"}}
[debug] [2026-02-18T04:05:09.501Z] E0218 01:05:09.501173   38748 watch.go:40] Failed to load config from "c:\\Users\\Adryan\\Adryan\\UFOP\\ES1\\Conecta-UFOP\\dataconnect": could not find dataconnect.yaml in `c:\Users\Adryan\Adryan\UFOP\ES1\Conecta-UFOP\dataconnect`
 {"metadata":{"emulator":{"name":"dataconnect"},"message":"E0218 01:05:09.501173   38748 watch.go:40] Failed to load config from \"c:\\\\Users\\\\Adryan\\\\Adryan\\\\UFOP\\\\ES1\\\\Conecta-UFOP\\\\dataconnect\": could not find dataconnect.yaml in `c:\\Users\\Adryan\\Adryan\\UFOP\\ES1\\Conecta-UFOP\\dataconnect`\n"}}
[debug] [2026-02-18T04:05:19.501Z] E0218 01:05:19.500962   38748 watch.go:40] Failed to load config from "c:\\Users\\Adryan\\Adryan\\UFOP\\ES1\\Conecta-UFOP\\dataconnect": could not find dataconnect.yaml in `c:\Users\Adryan\Adryan\UFOP\ES1\Conecta-UFOP\dataconnect`
 {"metadata":{"emulator":{"name":"dataconnect"},"message":"E0218 01:05:19.500962   38748 watch.go:40] Failed to load config from \"c:\\\\Users\\\\Adryan\\\\Adryan\\\\UFOP\\\\ES1\\\\Conecta-UFOP\\\\dataconnect\": could not find dataconnect.yaml in `c:\\Users\\Adryan\\Adryan\\UFOP\\ES1\\Conecta-UFOP\\dataconnect`\n"}}
[debug] [2026-02-18T04:05:29.501Z] E0218 01:05:29.501160   38748 watch.go:40] Failed to load config from "c:\\Users\\Adryan\\Adryan\\UFOP\\ES1\\Conecta-UFOP\\dataconnect": could not find dataconnect.yaml in `c:\Users\Adryan\Adryan\UFOP\ES1\Conecta-UFOP\dataconnect`
 {"metadata":{"emulator":{"name":"dataconnect"},"message":"E0218 01:05:29.501160   38748 watch.go:40] Failed to load config from \"c:\\\\Users\\\\Adryan\\\\Adryan\\\\UFOP\\\\ES1\\\\Conecta-UFOP\\\\dataconnect\": could not find dataconnect.yaml in `c:\\Users\\Adryan\\Adryan\\UFOP\\ES1\\Conecta-UFOP\\dataconnect`\n"}}
[debug] [2026-02-18T04:05:39.501Z] E0218 01:05:39.501260   38748 watch.go:116] watchAllDir unable to walk dir `c:\Users\Adryan\Adryan\UFOP\ES1\Conecta-UFOP\dataconnect`: CreateFile c:\Users\Adryan\Adryan\UFOP\ES1\Conecta-UFOP\dataconnect: O sistema não pode encontrar o arquivo especificado.
E0218 01:05:39.501260   38748 watch.go:40] Failed to load config from "c:\\Users\\Adryan\\Adryan\\UFOP\\ES1\\Conecta-UFOP\\dataconnect": could not find dataconnect.yaml in `c:\Users\Adryan\Adryan\UFOP\ES1\Conecta-UFOP\dataconnect`
 {"metadata":{"emulator":{"name":"dataconnect"},"message":"E0218 01:05:39.501260   38748 watch.go:116] watchAllDir unable to walk dir `c:\\Users\\Adryan\\Adryan\\UFOP\\ES1\\Conecta-UFOP\\dataconnect`: CreateFile c:\\Users\\Adryan\\Adryan\\UFOP\\ES1\\Conecta-UFOP\\dataconnect: O sistema não pode encontrar o arquivo especificado.\nE0218 01:05:39.501260   38748 watch.go:40] Failed to load config from \"c:\\\\Users\\\\Adryan\\\\Adryan\\\\UFOP\\\\ES1\\\\Conecta-UFOP\\\\dataconnect\": could not find dataconnect.yaml in `c:\\Users\\Adryan\\Adryan\\UFOP\\ES1\\Conecta-UFOP\\dataconnect`\n"}}
[debug] [2026-02-18T04:05:49.501Z] E0218 01:05:49.501255   38748 watch.go:40] Failed to load config from "c:\\Users\\Adryan\\Adryan\\UFOP\\ES1\\Conecta-UFOP\\dataconnect": could not find dataconnect.yaml in `c:\Users\Adryan\Adryan\UFOP\ES1\Conecta-UFOP\dataconnect`
 {"metadata":{"emulator":{"name":"dataconnect"},"message":"E0218 01:05:49.501255   38748 watch.go:40] Failed to load config from \"c:\\\\Users\\\\Adryan\\\\Adryan\\\\UFOP\\\\ES1\\\\Conecta-UFOP\\\\dataconnect\": could not find dataconnect.yaml in `c:\\Users\\Adryan\\Adryan\\UFOP\\ES1\\Conecta-UFOP\\dataconnect`\n"}}
[debug] [2026-02-18T04:05:59.501Z] E0218 01:05:59.501268   38748 watch.go:40] Failed to load config from "c:\\Users\\Adryan\\Adryan\\UFOP\\ES1\\Conecta-UFOP\\dataconnect": could not find dataconnect.yaml in `c:\Users\Adryan\Adryan\UFOP\ES1\Conecta-UFOP\dataconnect`
 {"metadata":{"emulator":{"name":"dataconnect"},"message":"E0218 01:05:59.501268   38748 watch.go:40] Failed to load config from \"c:\\\\Users\\\\Adryan\\\\Adryan\\\\UFOP\\\\ES1\\\\Conecta-UFOP\\\\dataconnect\": could not find dataconnect.yaml in `c:\\Users\\Adryan\\Adryan\\UFOP\\ES1\\Conecta-UFOP\\dataconnect`\n"}}
[debug] [2026-02-18T04:06:09.501Z] E0218 01:06:09.500977   38748 watch.go:40] Failed to load config from "c:\\Users\\Adryan\\Adryan\\UFOP\\ES1\\Conecta-UFOP\\dataconnect": could not find dataconnect.yaml in `c:\Users\Adryan\Adryan\UFOP\ES1\Conecta-UFOP\dataconnect`
 {"metadata":{"emulator":{"name":"dataconnect"},"message":"E0218 01:06:09.500977   38748 watch.go:40] Failed to load config from \"c:\\\\Users\\\\Adryan\\\\Adryan\\\\UFOP\\\\ES1\\\\Conecta-UFOP\\\\dataconnect\": could not find dataconnect.yaml in `c:\\Users\\Adryan\\Adryan\\UFOP\\ES1\\Conecta-UFOP\\dataconnect`\n"}}
[debug] [2026-02-18T04:06:19.501Z] E0218 01:06:19.501295   38748 watch.go:40] Failed to load config from "c:\\Users\\Adryan\\Adryan\\UFOP\\ES1\\Conecta-UFOP\\dataconnect": could not find dataconnect.yaml in `c:\Users\Adryan\Adryan\UFOP\ES1\Conecta-UFOP\dataconnect`
 {"metadata":{"emulator":{"name":"dataconnect"},"message":"E0218 01:06:19.501295   38748 watch.go:40] Failed to load config from \"c:\\\\Users\\\\Adryan\\\\Adryan\\\\UFOP\\\\ES1\\\\Conecta-UFOP\\\\dataconnect\": could not find dataconnect.yaml in `c:\\Users\\Adryan\\Adryan\\UFOP\\ES1\\Conecta-UFOP\\dataconnect`\n"}}
[debug] [2026-02-18T04:06:29.501Z] E0218 01:06:29.501428   38748 watch.go:40] Failed to load config from "c:\\Users\\Adryan\\Adryan\\UFOP\\ES1\\Conecta-UFOP\\dataconnect": could not find dataconnect.yaml in `c:\Users\Adryan\Adryan\UFOP\ES1\Conecta-UFOP\dataconnect`
 {"metadata":{"emulator":{"name":"dataconnect"},"message":"E0218 01:06:29.501428   38748 watch.go:40] Failed to load config from \"c:\\\\Users\\\\Adryan\\\\Adryan\\\\UFOP\\\\ES1\\\\Conecta-UFOP\\\\dataconnect\": could not find dataconnect.yaml in `c:\\Users\\Adryan\\Adryan\\UFOP\\ES1\\Conecta-UFOP\\dataconnect`\n"}}
[debug] [2026-02-18T04:06:39.501Z] E0218 01:06:39.500909   38748 watch.go:116] watchAllDir unable to walk dir `c:\Users\Adryan\Adryan\UFOP\ES1\Conecta-UFOP\dataconnect`: CreateFile c:\Users\Adryan\Adryan\UFOP\ES1\Conecta-UFOP\dataconnect: O sistema não pode encontrar o arquivo especificado.
E0218 01:06:39.500909   38748 watch.go:40] Failed to load config from "c:\\Users\\Adryan\\Adryan\\UFOP\\ES1\\Conecta-UFOP\\dataconnect": could not find dataconnect.yaml in `c:\Users\Adryan\Adryan\UFOP\ES1\Conecta-UFOP\dataconnect`
 {"metadata":{"emulator":{"name":"dataconnect"},"message":"E0218 01:06:39.500909   38748 watch.go:116] watchAllDir unable to walk dir `c:\\Users\\Adryan\\Adryan\\UFOP\\ES1\\Conecta-UFOP\\dataconnect`: CreateFile c:\\Users\\Adryan\\Adryan\\UFOP\\ES1\\Conecta-UFOP\\dataconnect: O sistema não pode encontrar o arquivo especificado.\nE0218 01:06:39.500909   38748 watch.go:40] Failed to load config from \"c:\\\\Users\\\\Adryan\\\\Adryan\\\\UFOP\\\\ES1\\\\Conecta-UFOP\\\\dataconnect\": could not find dataconnect.yaml in `c:\\Users\\Adryan\\Adryan\\UFOP\\ES1\\Conecta-UFOP\\dataconnect`\n"}}
[debug] [2026-02-18T04:06:49.501Z] E0218 01:06:49.500871   38748 watch.go:40] Failed to load config from "c:\\Users\\Adryan\\Adryan\\UFOP\\ES1\\Conecta-UFOP\\dataconnect": could not find dataconnect.yaml in `c:\Users\Adryan\Adryan\UFOP\ES1\Conecta-UFOP\dataconnect`
 {"metadata":{"emulator":{"name":"dataconnect"},"message":"E0218 01:06:49.500871   38748 watch.go:40] Failed to load config from \"c:\\\\Users\\\\Adryan\\\\Adryan\\\\UFOP\\\\ES1\\\\Conecta-UFOP\\\\dataconnect\": could not find dataconnect.yaml in `c:\\Users\\Adryan\\Adryan\\UFOP\\ES1\\Conecta-UFOP\\dataconnect`\n"}}
[debug] [2026-02-18T04:06:59.501Z] E0218 01:06:59.501115   38748 watch.go:40] Failed to load config from "c:\\Users\\Adryan\\Adryan\\UFOP\\ES1\\Conecta-UFOP\\dataconnect": could not find dataconnect.yaml in `c:\Users\Adryan\Adryan\UFOP\ES1\Conecta-UFOP\dataconnect`
 {"metadata":{"emulator":{"name":"dataconnect"},"message":"E0218 01:06:59.501115   38748 watch.go:40] Failed to load config from \"c:\\\\Users\\\\Adryan\\\\Adryan\\\\UFOP\\\\ES1\\\\Conecta-UFOP\\\\dataconnect\": could not find dataconnect.yaml in `c:\\Users\\Adryan\\Adryan\\UFOP\\ES1\\Conecta-UFOP\\dataconnect`\n"}}
[debug] [2026-02-18T04:07:09.501Z] E0218 01:07:09.501289   38748 watch.go:40] Failed to load config from "c:\\Users\\Adryan\\Adryan\\UFOP\\ES1\\Conecta-UFOP\\dataconnect": could not find dataconnect.yaml in `c:\Users\Adryan\Adryan\UFOP\ES1\Conecta-UFOP\dataconnect`
 {"metadata":{"emulator":{"name":"dataconnect"},"message":"E0218 01:07:09.501289   38748 watch.go:40] Failed to load config from \"c:\\\\Users\\\\Adryan\\\\Adryan\\\\UFOP\\\\ES1\\\\Conecta-UFOP\\\\dataconnect\": could not find dataconnect.yaml in `c:\\Users\\Adryan\\Adryan\\UFOP\\ES1\\Conecta-UFOP\\dataconnect`\n"}}
[debug] [2026-02-18T04:07:19.501Z] E0218 01:07:19.500968   38748 watch.go:40] Failed to load config from "c:\\Users\\Adryan\\Adryan\\UFOP\\ES1\\Conecta-UFOP\\dataconnect": could not find dataconnect.yaml in `c:\Users\Adryan\Adryan\UFOP\ES1\Conecta-UFOP\dataconnect`
 {"metadata":{"emulator":{"name":"dataconnect"},"message":"E0218 01:07:19.500968   38748 watch.go:40] Failed to load config from \"c:\\\\Users\\\\Adryan\\\\Adryan\\\\UFOP\\\\ES1\\\\Conecta-UFOP\\\\dataconnect\": could not find dataconnect.yaml in `c:\\Users\\Adryan\\Adryan\\UFOP\\ES1\\Conecta-UFOP\\dataconnect`\n"}}
[debug] [2026-02-18T04:07:29.501Z] E0218 01:07:29.500926   38748 watch.go:40] Failed to load config from "c:\\Users\\Adryan\\Adryan\\UFOP\\ES1\\Conecta-UFOP\\dataconnect": could not find dataconnect.yaml in `c:\Users\Adryan\Adryan\UFOP\ES1\Conecta-UFOP\dataconnect`
 {"metadata":{"emulator":{"name":"dataconnect"},"message":"E0218 01:07:29.500926   38748 watch.go:40] Failed to load config from \"c:\\\\Users\\\\Adryan\\\\Adryan\\\\UFOP\\\\ES1\\\\Conecta-UFOP\\\\dataconnect\": could not find dataconnect.yaml in `c:\\Users\\Adryan\\Adryan\\UFOP\\ES1\\Conecta-UFOP\\dataconnect`\n"}}
[debug] [2026-02-18T04:07:39.501Z] E0218 01:07:39.500950   38748 watch.go:116] watchAllDir unable to walk dir `c:\Users\Adryan\Adryan\UFOP\ES1\Conecta-UFOP\dataconnect`: CreateFile c:\Users\Adryan\Adryan\UFOP\ES1\Conecta-UFOP\dataconnect: O sistema não pode encontrar o arquivo especificado.
E0218 01:07:39.500950   38748 watch.go:40] Failed to load config from "c:\\Users\\Adryan\\Adryan\\UFOP\\ES1\\Conecta-UFOP\\dataconnect": could not find dataconnect.yaml in `c:\Users\Adryan\Adryan\UFOP\ES1\Conecta-UFOP\dataconnect`
 {"metadata":{"emulator":{"name":"dataconnect"},"message":"E0218 01:07:39.500950   38748 watch.go:116] watchAllDir unable to walk dir `c:\\Users\\Adryan\\Adryan\\UFOP\\ES1\\Conecta-UFOP\\dataconnect`: CreateFile c:\\Users\\Adryan\\Adryan\\UFOP\\ES1\\Conecta-UFOP\\dataconnect: O sistema não pode encontrar o arquivo especificado.\nE0218 01:07:39.500950   38748 watch.go:40] Failed to load config from \"c:\\\\Users\\\\Adryan\\\\Adryan\\\\UFOP\\\\ES1\\\\Conecta-UFOP\\\\dataconnect\": could not find dataconnect.yaml in `c:\\Users\\Adryan\\Adryan\\UFOP\\ES1\\Conecta-UFOP\\dataconnect`\n"}}
[debug] [2026-02-18T04:07:49.501Z] E0218 01:07:49.501181   38748 watch.go:40] Failed to load config from "c:\\Users\\Adryan\\Adryan\\UFOP\\ES1\\Conecta-UFOP\\dataconnect": could not find dataconnect.yaml in `c:\Users\Adryan\Adryan\UFOP\ES1\Conecta-UFOP\dataconnect`
 {"metadata":{"emulator":{"name":"dataconnect"},"message":"E0218 01:07:49.501181   38748 watch.go:40] Failed to load config from \"c:\\\\Users\\\\Adryan\\\\Adryan\\\\UFOP\\\\ES1\\\\Conecta-UFOP\\\\dataconnect\": could not find dataconnect.yaml in `c:\\Users\\Adryan\\Adryan\\UFOP\\ES1\\Conecta-UFOP\\dataconnect`\n"}}
[debug] [2026-02-18T04:07:59.501Z] E0218 01:07:59.501103   38748 watch.go:40] Failed to load config from "c:\\Users\\Adryan\\Adryan\\UFOP\\ES1\\Conecta-UFOP\\dataconnect": could not find dataconnect.yaml in `c:\Users\Adryan\Adryan\UFOP\ES1\Conecta-UFOP\dataconnect`
 {"metadata":{"emulator":{"name":"dataconnect"},"message":"E0218 01:07:59.501103   38748 watch.go:40] Failed to load config from \"c:\\\\Users\\\\Adryan\\\\Adryan\\\\UFOP\\\\ES1\\\\Conecta-UFOP\\\\dataconnect\": could not find dataconnect.yaml in `c:\\Users\\Adryan\\Adryan\\UFOP\\ES1\\Conecta-UFOP\\dataconnect`\n"}}
[debug] [2026-02-18T04:08:09.501Z] E0218 01:08:09.501324   38748 watch.go:40] Failed to load config from "c:\\Users\\Adryan\\Adryan\\UFOP\\ES1\\Conecta-UFOP\\dataconnect": could not find dataconnect.yaml in `c:\Users\Adryan\Adryan\UFOP\ES1\Conecta-UFOP\dataconnect`
 {"metadata":{"emulator":{"name":"dataconnect"},"message":"E0218 01:08:09.501324   38748 watch.go:40] Failed to load config from \"c:\\\\Users\\\\Adryan\\\\Adryan\\\\UFOP\\\\ES1\\\\Conecta-UFOP\\\\dataconnect\": could not find dataconnect.yaml in `c:\\Users\\Adryan\\Adryan\\UFOP\\ES1\\Conecta-UFOP\\dataconnect`\n"}}
[debug] [2026-02-18T04:08:19.501Z] E0218 01:08:19.501096   38748 watch.go:40] Failed to load config from "c:\\Users\\Adryan\\Adryan\\UFOP\\ES1\\Conecta-UFOP\\dataconnect": could not find dataconnect.yaml in `c:\Users\Adryan\Adryan\UFOP\ES1\Conecta-UFOP\dataconnect`
 {"metadata":{"emulator":{"name":"dataconnect"},"message":"E0218 01:08:19.501096   38748 watch.go:40] Failed to load config from \"c:\\\\Users\\\\Adryan\\\\Adryan\\\\UFOP\\\\ES1\\\\Conecta-UFOP\\\\dataconnect\": could not find dataconnect.yaml in `c:\\Users\\Adryan\\Adryan\\UFOP\\ES1\\Conecta-UFOP\\dataconnect`\n"}}
[debug] [2026-02-18T04:08:29.501Z] E0218 01:08:29.501180   38748 watch.go:40] Failed to load config from "c:\\Users\\Adryan\\Adryan\\UFOP\\ES1\\Conecta-UFOP\\dataconnect": could not find dataconnect.yaml in `c:\Users\Adryan\Adryan\UFOP\ES1\Conecta-UFOP\dataconnect`
 {"metadata":{"emulator":{"name":"dataconnect"},"message":"E0218 01:08:29.501180   38748 watch.go:40] Failed to load config from \"c:\\\\Users\\\\Adryan\\\\Adryan\\\\UFOP\\\\ES1\\\\Conecta-UFOP\\\\dataconnect\": could not find dataconnect.yaml in `c:\\Users\\Adryan\\Adryan\\UFOP\\ES1\\Conecta-UFOP\\dataconnect`\n"}}
[debug] [2026-02-18T04:08:39.501Z] E0218 01:08:39.501049   38748 watch.go:116] watchAllDir unable to walk dir `c:\Users\Adryan\Adryan\UFOP\ES1\Conecta-UFOP\dataconnect`: CreateFile c:\Users\Adryan\Adryan\UFOP\ES1\Conecta-UFOP\dataconnect: O sistema não pode encontrar o arquivo especificado.
E0218 01:08:39.501049   38748 watch.go:40] Failed to load config from "c:\\Users\\Adryan\\Adryan\\UFOP\\ES1\\Conecta-UFOP\\dataconnect": could not find dataconnect.yaml in `c:\Users\Adryan\Adryan\UFOP\ES1\Conecta-UFOP\dataconnect`
 {"metadata":{"emulator":{"name":"dataconnect"},"message":"E0218 01:08:39.501049   38748 watch.go:116] watchAllDir unable to walk dir `c:\\Users\\Adryan\\Adryan\\UFOP\\ES1\\Conecta-UFOP\\dataconnect`: CreateFile c:\\Users\\Adryan\\Adryan\\UFOP\\ES1\\Conecta-UFOP\\dataconnect: O sistema não pode encontrar o arquivo especificado.\nE0218 01:08:39.501049   38748 watch.go:40] Failed to load config from \"c:\\\\Users\\\\Adryan\\\\Adryan\\\\UFOP\\\\ES1\\\\Conecta-UFOP\\\\dataconnect\": could not find dataconnect.yaml in `c:\\Users\\Adryan\\Adryan\\UFOP\\ES1\\Conecta-UFOP\\dataconnect`\n"}}
[debug] [2026-02-18T04:08:49.501Z] E0218 01:08:49.500892   38748 watch.go:40] Failed to load config from "c:\\Users\\Adryan\\Adryan\\UFOP\\ES1\\Conecta-UFOP\\dataconnect": could not find dataconnect.yaml in `c:\Users\Adryan\Adryan\UFOP\ES1\Conecta-UFOP\dataconnect`
 {"metadata":{"emulator":{"name":"dataconnect"},"message":"E0218 01:08:49.500892   38748 watch.go:40] Failed to load config from \"c:\\\\Users\\\\Adryan\\\\Adryan\\\\UFOP\\\\ES1\\\\Conecta-UFOP\\\\dataconnect\": could not find dataconnect.yaml in `c:\\Users\\Adryan\\Adryan\\UFOP\\ES1\\Conecta-UFOP\\dataconnect`\n"}}
[debug] [2026-02-18T04:08:59.501Z] E0218 01:08:59.500863   38748 watch.go:40] Failed to load config from "c:\\Users\\Adryan\\Adryan\\UFOP\\ES1\\Conecta-UFOP\\dataconnect": could not find dataconnect.yaml in `c:\Users\Adryan\Adryan\UFOP\ES1\Conecta-UFOP\dataconnect`
 {"metadata":{"emulator":{"name":"dataconnect"},"message":"E0218 01:08:59.500863   38748 watch.go:40] Failed to load config from \"c:\\\\Users\\\\Adryan\\\\Adryan\\\\UFOP\\\\ES1\\\\Conecta-UFOP\\\\dataconnect\": could not find dataconnect.yaml in `c:\\Users\\Adryan\\Adryan\\UFOP\\ES1\\Conecta-UFOP\\dataconnect`\n"}}
[debug] [2026-02-18T04:09:09.501Z] E0218 01:09:09.500945   38748 watch.go:40] Failed to load config from "c:\\Users\\Adryan\\Adryan\\UFOP\\ES1\\Conecta-UFOP\\dataconnect": could not find dataconnect.yaml in `c:\Users\Adryan\Adryan\UFOP\ES1\Conecta-UFOP\dataconnect`
 {"metadata":{"emulator":{"name":"dataconnect"},"message":"E0218 01:09:09.500945   38748 watch.go:40] Failed to load config from \"c:\\\\Users\\\\Adryan\\\\Adryan\\\\UFOP\\\\ES1\\\\Conecta-UFOP\\\\dataconnect\": could not find dataconnect.yaml in `c:\\Users\\Adryan\\Adryan\\UFOP\\ES1\\Conecta-UFOP\\dataconnect`\n"}}
[debug] [2026-02-18T04:09:19.501Z] E0218 01:09:19.500824   38748 watch.go:40] Failed to load config from "c:\\Users\\Adryan\\Adryan\\UFOP\\ES1\\Conecta-UFOP\\dataconnect": could not find dataconnect.yaml in `c:\Users\Adryan\Adryan\UFOP\ES1\Conecta-UFOP\dataconnect`
 {"metadata":{"emulator":{"name":"dataconnect"},"message":"E0218 01:09:19.500824   38748 watch.go:40] Failed to load config from \"c:\\\\Users\\\\Adryan\\\\Adryan\\\\UFOP\\\\ES1\\\\Conecta-UFOP\\\\dataconnect\": could not find dataconnect.yaml in `c:\\Users\\Adryan\\Adryan\\UFOP\\ES1\\Conecta-UFOP\\dataconnect`\n"}}
[debug] [2026-02-18T04:09:29.501Z] E0218 01:09:29.500819   38748 watch.go:40] Failed to load config from "c:\\Users\\Adryan\\Adryan\\UFOP\\ES1\\Conecta-UFOP\\dataconnect": could not find dataconnect.yaml in `c:\Users\Adryan\Adryan\UFOP\ES1\Conecta-UFOP\dataconnect`
 {"metadata":{"emulator":{"name":"dataconnect"},"message":"E0218 01:09:29.500819   38748 watch.go:40] Failed to load config from \"c:\\\\Users\\\\Adryan\\\\Adryan\\\\UFOP\\\\ES1\\\\Conecta-UFOP\\\\dataconnect\": could not find dataconnect.yaml in `c:\\Users\\Adryan\\Adryan\\UFOP\\ES1\\Conecta-UFOP\\dataconnect`\n"}}
[debug] [2026-02-18T04:09:39.501Z] E0218 01:09:39.500894   38748 watch.go:116] watchAllDir unable to walk dir `c:\Users\Adryan\Adryan\UFOP\ES1\Conecta-UFOP\dataconnect`: CreateFile c:\Users\Adryan\Adryan\UFOP\ES1\Conecta-UFOP\dataconnect: O sistema não pode encontrar o arquivo especificado.
 {"metadata":{"emulator":{"name":"dataconnect"},"message":"E0218 01:09:39.500894   38748 watch.go:116] watchAllDir unable to walk dir `c:\\Users\\Adryan\\Adryan\\UFOP\\ES1\\Conecta-UFOP\\dataconnect`: CreateFile c:\\Users\\Adryan\\Adryan\\UFOP\\ES1\\Conecta-UFOP\\dataconnect: O sistema não pode encontrar o arquivo especificado.\n"}}
[debug] [2026-02-18T04:09:39.501Z] E0218 01:09:39.500894   38748 watch.go:40] Failed to load config from "c:\\Users\\Adryan\\Adryan\\UFOP\\ES1\\Conecta-UFOP\\dataconnect": could not find dataconnect.yaml in `c:\Users\Adryan\Adryan\UFOP\ES1\Conecta-UFOP\dataconnect`
 {"metadata":{"emulator":{"name":"dataconnect"},"message":"E0218 01:09:39.500894   38748 watch.go:40] Failed to load config from \"c:\\\\Users\\\\Adryan\\\\Adryan\\\\UFOP\\\\ES1\\\\Conecta-UFOP\\\\dataconnect\": could not find dataconnect.yaml in `c:\\Users\\Adryan\\Adryan\\UFOP\\ES1\\Conecta-UFOP\\dataconnect`\n"}}
[debug] [2026-02-18T04:09:49.501Z] E0218 01:09:49.500892   38748 watch.go:40] Failed to load config from "c:\\Users\\Adryan\\Adryan\\UFOP\\ES1\\Conecta-UFOP\\dataconnect": could not find dataconnect.yaml in `c:\Users\Adryan\Adryan\UFOP\ES1\Conecta-UFOP\dataconnect`
 {"metadata":{"emulator":{"name":"dataconnect"},"message":"E0218 01:09:49.500892   38748 watch.go:40] Failed to load config from \"c:\\\\Users\\\\Adryan\\\\Adryan\\\\UFOP\\\\ES1\\\\Conecta-UFOP\\\\dataconnect\": could not find dataconnect.yaml in `c:\\Users\\Adryan\\Adryan\\UFOP\\ES1\\Conecta-UFOP\\dataconnect`\n"}}
[debug] [2026-02-18T04:09:59.501Z] E0218 01:09:59.501031   38748 watch.go:40] Failed to load config from "c:\\Users\\Adryan\\Adryan\\UFOP\\ES1\\Conecta-UFOP\\dataconnect": could not find dataconnect.yaml in `c:\Users\Adryan\Adryan\UFOP\ES1\Conecta-UFOP\dataconnect`
 {"metadata":{"emulator":{"name":"dataconnect"},"message":"E0218 01:09:59.501031   38748 watch.go:40] Failed to load config from \"c:\\\\Users\\\\Adryan\\\\Adryan\\\\UFOP\\\\ES1\\\\Conecta-UFOP\\\\dataconnect\": could not find dataconnect.yaml in `c:\\Users\\Adryan\\Adryan\\UFOP\\ES1\\Conecta-UFOP\\dataconnect`\n"}}
[debug] [2026-02-18T04:10:09.501Z] E0218 01:10:09.501192   38748 watch.go:40] Failed to load config from "c:\\Users\\Adryan\\Adryan\\UFOP\\ES1\\Conecta-UFOP\\dataconnect": could not find dataconnect.yaml in `c:\Users\Adryan\Adryan\UFOP\ES1\Conecta-UFOP\dataconnect`
 {"metadata":{"emulator":{"name":"dataconnect"},"message":"E0218 01:10:09.501192   38748 watch.go:40] Failed to load config from \"c:\\\\Users\\\\Adryan\\\\Adryan\\\\UFOP\\\\ES1\\\\Conecta-UFOP\\\\dataconnect\": could not find dataconnect.yaml in `c:\\Users\\Adryan\\Adryan\\UFOP\\ES1\\Conecta-UFOP\\dataconnect`\n"}}
[debug] [2026-02-18T04:10:19.501Z] E0218 01:10:19.500828   38748 watch.go:40] Failed to load config from "c:\\Users\\Adryan\\Adryan\\UFOP\\ES1\\Conecta-UFOP\\dataconnect": could not find dataconnect.yaml in `c:\Users\Adryan\Adryan\UFOP\ES1\Conecta-UFOP\dataconnect`
 {"metadata":{"emulator":{"name":"dataconnect"},"message":"E0218 01:10:19.500828   38748 watch.go:40] Failed to load config from \"c:\\\\Users\\\\Adryan\\\\Adryan\\\\UFOP\\\\ES1\\\\Conecta-UFOP\\\\dataconnect\": could not find dataconnect.yaml in `c:\\Users\\Adryan\\Adryan\\UFOP\\ES1\\Conecta-UFOP\\dataconnect`\n"}}
[debug] [2026-02-18T04:10:29.501Z] E0218 01:10:29.501162   38748 watch.go:40] Failed to load config from "c:\\Users\\Adryan\\Adryan\\UFOP\\ES1\\Conecta-UFOP\\dataconnect": could not find dataconnect.yaml in `c:\Users\Adryan\Adryan\UFOP\ES1\Conecta-UFOP\dataconnect`
 {"metadata":{"emulator":{"name":"dataconnect"},"message":"E0218 01:10:29.501162   38748 watch.go:40] Failed to load config from \"c:\\\\Users\\\\Adryan\\\\Adryan\\\\UFOP\\\\ES1\\\\Conecta-UFOP\\\\dataconnect\": could not find dataconnect.yaml in `c:\\Users\\Adryan\\Adryan\\UFOP\\ES1\\Conecta-UFOP\\dataconnect`\n"}}
[debug] [2026-02-18T04:10:39.501Z] E0218 01:10:39.501186   38748 watch.go:116] watchAllDir unable to walk dir `c:\Users\Adryan\Adryan\UFOP\ES1\Conecta-UFOP\dataconnect`: CreateFile c:\Users\Adryan\Adryan\UFOP\ES1\Conecta-UFOP\dataconnect: O sistema não pode encontrar o arquivo especificado.
E0218 01:10:39.501186   38748 watch.go:40] Failed to load config from "c:\\Users\\Adryan\\Adryan\\UFOP\\ES1\\Conecta-UFOP\\dataconnect": could not find dataconnect.yaml in `c:\Users\Adryan\Adryan\UFOP\ES1\Conecta-UFOP\dataconnect`
 {"metadata":{"emulator":{"name":"dataconnect"},"message":"E0218 01:10:39.501186   38748 watch.go:116] watchAllDir unable to walk dir `c:\\Users\\Adryan\\Adryan\\UFOP\\ES1\\Conecta-UFOP\\dataconnect`: CreateFile c:\\Users\\Adryan\\Adryan\\UFOP\\ES1\\Conecta-UFOP\\dataconnect: O sistema não pode encontrar o arquivo especificado.\nE0218 01:10:39.501186   38748 watch.go:40] Failed to load config from \"c:\\\\Users\\\\Adryan\\\\Adryan\\\\UFOP\\\\ES1\\\\Conecta-UFOP\\\\dataconnect\": could not find dataconnect.yaml in `c:\\Users\\Adryan\\Adryan\\UFOP\\ES1\\Conecta-UFOP\\dataconnect`\n"}}
[debug] [2026-02-18T04:10:49.501Z] E0218 01:10:49.501248   38748 watch.go:40] Failed to load config from "c:\\Users\\Adryan\\Adryan\\UFOP\\ES1\\Conecta-UFOP\\dataconnect": could not find dataconnect.yaml in `c:\Users\Adryan\Adryan\UFOP\ES1\Conecta-UFOP\dataconnect`
 {"metadata":{"emulator":{"name":"dataconnect"},"message":"E0218 01:10:49.501248   38748 watch.go:40] Failed to load config from \"c:\\\\Users\\\\Adryan\\\\Adryan\\\\UFOP\\\\ES1\\\\Conecta-UFOP\\\\dataconnect\": could not find dataconnect.yaml in `c:\\Users\\Adryan\\Adryan\\UFOP\\ES1\\Conecta-UFOP\\dataconnect`\n"}}
[debug] [2026-02-18T04:10:59.501Z] E0218 01:10:59.500881   38748 watch.go:40] Failed to load config from "c:\\Users\\Adryan\\Adryan\\UFOP\\ES1\\Conecta-UFOP\\dataconnect": could not find dataconnect.yaml in `c:\Users\Adryan\Adryan\UFOP\ES1\Conecta-UFOP\dataconnect`
 {"metadata":{"emulator":{"name":"dataconnect"},"message":"E0218 01:10:59.500881   38748 watch.go:40] Failed to load config from \"c:\\\\Users\\\\Adryan\\\\Adryan\\\\UFOP\\\\ES1\\\\Conecta-UFOP\\\\dataconnect\": could not find dataconnect.yaml in `c:\\Users\\Adryan\\Adryan\\UFOP\\ES1\\Conecta-UFOP\\dataconnect`\n"}}
[debug] [2026-02-18T04:11:09.501Z] E0218 01:11:09.501083   38748 watch.go:40] Failed to load config from "c:\\Users\\Adryan\\Adryan\\UFOP\\ES1\\Conecta-UFOP\\dataconnect": could not find dataconnect.yaml in `c:\Users\Adryan\Adryan\UFOP\ES1\Conecta-UFOP\dataconnect`
 {"metadata":{"emulator":{"name":"dataconnect"},"message":"E0218 01:11:09.501083   38748 watch.go:40] Failed to load config from \"c:\\\\Users\\\\Adryan\\\\Adryan\\\\UFOP\\\\ES1\\\\Conecta-UFOP\\\\dataconnect\": could not find dataconnect.yaml in `c:\\Users\\Adryan\\Adryan\\UFOP\\ES1\\Conecta-UFOP\\dataconnect`\n"}}
[debug] [2026-02-18T04:11:19.501Z] E0218 01:11:19.501291   38748 watch.go:40] Failed to load config from "c:\\Users\\Adryan\\Adryan\\UFOP\\ES1\\Conecta-UFOP\\dataconnect": could not find dataconnect.yaml in `c:\Users\Adryan\Adryan\UFOP\ES1\Conecta-UFOP\dataconnect`
 {"metadata":{"emulator":{"name":"dataconnect"},"message":"E0218 01:11:19.501291   38748 watch.go:40] Failed to load config from \"c:\\\\Users\\\\Adryan\\\\Adryan\\\\UFOP\\\\ES1\\\\Conecta-UFOP\\\\dataconnect\": could not find dataconnect.yaml in `c:\\Users\\Adryan\\Adryan\\UFOP\\ES1\\Conecta-UFOP\\dataconnect`\n"}}
[debug] [2026-02-18T04:11:29.501Z] E0218 01:11:29.500833   38748 watch.go:40] Failed to load config from "c:\\Users\\Adryan\\Adryan\\UFOP\\ES1\\Conecta-UFOP\\dataconnect": could not find dataconnect.yaml in `c:\Users\Adryan\Adryan\UFOP\ES1\Conecta-UFOP\dataconnect`
 {"metadata":{"emulator":{"name":"dataconnect"},"message":"E0218 01:11:29.500833   38748 watch.go:40] Failed to load config from \"c:\\\\Users\\\\Adryan\\\\Adryan\\\\UFOP\\\\ES1\\\\Conecta-UFOP\\\\dataconnect\": could not find dataconnect.yaml in `c:\\Users\\Adryan\\Adryan\\UFOP\\ES1\\Conecta-UFOP\\dataconnect`\n"}}
[debug] [2026-02-18T04:11:39.501Z] E0218 01:11:39.501223   38748 watch.go:116] watchAllDir unable to walk dir `c:\Users\Adryan\Adryan\UFOP\ES1\Conecta-UFOP\dataconnect`: CreateFile c:\Users\Adryan\Adryan\UFOP\ES1\Conecta-UFOP\dataconnect: O sistema não pode encontrar o arquivo especificado.
E0218 01:11:39.501223   38748 watch.go:40] Failed to load config from "c:\\Users\\Adryan\\Adryan\\UFOP\\ES1\\Conecta-UFOP\\dataconnect": could not find dataconnect.yaml in `c:\Users\Adryan\Adryan\UFOP\ES1\Conecta-UFOP\dataconnect`
 {"metadata":{"emulator":{"name":"dataconnect"},"message":"E0218 01:11:39.501223   38748 watch.go:116] watchAllDir unable to walk dir `c:\\Users\\Adryan\\Adryan\\UFOP\\ES1\\Conecta-UFOP\\dataconnect`: CreateFile c:\\Users\\Adryan\\Adryan\\UFOP\\ES1\\Conecta-UFOP\\dataconnect: O sistema não pode encontrar o arquivo especificado.\nE0218 01:11:39.501223   38748 watch.go:40] Failed to load config from \"c:\\\\Users\\\\Adryan\\\\Adryan\\\\UFOP\\\\ES1\\\\Conecta-UFOP\\\\dataconnect\": could not find dataconnect.yaml in `c:\\Users\\Adryan\\Adryan\\UFOP\\ES1\\Conecta-UFOP\\dataconnect`\n"}}
[debug] [2026-02-18T04:11:49.501Z] E0218 01:11:49.500957   38748 watch.go:40] Failed to load config from "c:\\Users\\Adryan\\Adryan\\UFOP\\ES1\\Conecta-UFOP\\dataconnect": could not find dataconnect.yaml in `c:\Users\Adryan\Adryan\UFOP\ES1\Conecta-UFOP\dataconnect`
 {"metadata":{"emulator":{"name":"dataconnect"},"message":"E0218 01:11:49.500957   38748 watch.go:40] Failed to load config from \"c:\\\\Users\\\\Adryan\\\\Adryan\\\\UFOP\\\\ES1\\\\Conecta-UFOP\\\\dataconnect\": could not find dataconnect.yaml in `c:\\Users\\Adryan\\Adryan\\UFOP\\ES1\\Conecta-UFOP\\dataconnect`\n"}}
[debug] [2026-02-18T04:11:59.501Z] E0218 01:11:59.501200   38748 watch.go:40] Failed to load config from "c:\\Users\\Adryan\\Adryan\\UFOP\\ES1\\Conecta-UFOP\\dataconnect": could not find dataconnect.yaml in `c:\Users\Adryan\Adryan\UFOP\ES1\Conecta-UFOP\dataconnect`
 {"metadata":{"emulator":{"name":"dataconnect"},"message":"E0218 01:11:59.501200   38748 watch.go:40] Failed to load config from \"c:\\\\Users\\\\Adryan\\\\Adryan\\\\UFOP\\\\ES1\\\\Conecta-UFOP\\\\dataconnect\": could not find dataconnect.yaml in `c:\\Users\\Adryan\\Adryan\\UFOP\\ES1\\Conecta-UFOP\\dataconnect`\n"}}
[debug] [2026-02-18T04:12:09.501Z] E0218 01:12:09.501155   38748 watch.go:40] Failed to load config from "c:\\Users\\Adryan\\Adryan\\UFOP\\ES1\\Conecta-UFOP\\dataconnect": could not find dataconnect.yaml in `c:\Users\Adryan\Adryan\UFOP\ES1\Conecta-UFOP\dataconnect`
 {"metadata":{"emulator":{"name":"dataconnect"},"message":"E0218 01:12:09.501155   38748 watch.go:40] Failed to load config from \"c:\\\\Users\\\\Adryan\\\\Adryan\\\\UFOP\\\\ES1\\\\Conecta-UFOP\\\\dataconnect\": could not find dataconnect.yaml in `c:\\Users\\Adryan\\Adryan\\UFOP\\ES1\\Conecta-UFOP\\dataconnect`\n"}}
[debug] [2026-02-18T04:12:19.501Z] E0218 01:12:19.501115   38748 watch.go:40] Failed to load config from "c:\\Users\\Adryan\\Adryan\\UFOP\\ES1\\Conecta-UFOP\\dataconnect": could not find dataconnect.yaml in `c:\Users\Adryan\Adryan\UFOP\ES1\Conecta-UFOP\dataconnect`
 {"metadata":{"emulator":{"name":"dataconnect"},"message":"E0218 01:12:19.501115   38748 watch.go:40] Failed to load config from \"c:\\\\Users\\\\Adryan\\\\Adryan\\\\UFOP\\\\ES1\\\\Conecta-UFOP\\\\dataconnect\": could not find dataconnect.yaml in `c:\\Users\\Adryan\\Adryan\\UFOP\\ES1\\Conecta-UFOP\\dataconnect`\n"}}
[debug] [2026-02-18T04:12:29.501Z] E0218 01:12:29.500830   38748 watch.go:40] Failed to load config from "c:\\Users\\Adryan\\Adryan\\UFOP\\ES1\\Conecta-UFOP\\dataconnect": could not find dataconnect.yaml in `c:\Users\Adryan\Adryan\UFOP\ES1\Conecta-UFOP\dataconnect`
 {"metadata":{"emulator":{"name":"dataconnect"},"message":"E0218 01:12:29.500830   38748 watch.go:40] Failed to load config from \"c:\\\\Users\\\\Adryan\\\\Adryan\\\\UFOP\\\\ES1\\\\Conecta-UFOP\\\\dataconnect\": could not find dataconnect.yaml in `c:\\Users\\Adryan\\Adryan\\UFOP\\ES1\\Conecta-UFOP\\dataconnect`\n"}}
[debug] [2026-02-18T04:12:39.501Z] E0218 01:12:39.501063   38748 watch.go:40] Failed to load config from "c:\\Users\\Adryan\\Adryan\\UFOP\\ES1\\Conecta-UFOP\\dataconnect": could not find dataconnect.yaml in `c:\Users\Adryan\Adryan\UFOP\ES1\Conecta-UFOP\dataconnect`
E0218 01:12:39.501063   38748 watch.go:116] watchAllDir unable to walk dir `c:\Users\Adryan\Adryan\UFOP\ES1\Conecta-UFOP\dataconnect`: CreateFile c:\Users\Adryan\Adryan\UFOP\ES1\Conecta-UFOP\dataconnect: O sistema não pode encontrar o arquivo especificado.
 {"metadata":{"emulator":{"name":"dataconnect"},"message":"E0218 01:12:39.501063   38748 watch.go:40] Failed to load config from \"c:\\\\Users\\\\Adryan\\\\Adryan\\\\UFOP\\\\ES1\\\\Conecta-UFOP\\\\dataconnect\": could not find dataconnect.yaml in `c:\\Users\\Adryan\\Adryan\\UFOP\\ES1\\Conecta-UFOP\\dataconnect`\nE0218 01:12:39.501063   38748 watch.go:116] watchAllDir unable to walk dir `c:\\Users\\Adryan\\Adryan\\UFOP\\ES1\\Conecta-UFOP\\dataconnect`: CreateFile c:\\Users\\Adryan\\Adryan\\UFOP\\ES1\\Conecta-UFOP\\dataconnect: O sistema não pode encontrar o arquivo especificado.\n"}}
[debug] [2026-02-18T04:12:49.501Z] E0218 01:12:49.501276   38748 watch.go:40] Failed to load config from "c:\\Users\\Adryan\\Adryan\\UFOP\\ES1\\Conecta-UFOP\\dataconnect": could not find dataconnect.yaml in `c:\Users\Adryan\Adryan\UFOP\ES1\Conecta-UFOP\dataconnect`
 {"metadata":{"emulator":{"name":"dataconnect"},"message":"E0218 01:12:49.501276   38748 watch.go:40] Failed to load config from \"c:\\\\Users\\\\Adryan\\\\Adryan\\\\UFOP\\\\ES1\\\\Conecta-UFOP\\\\dataconnect\": could not find dataconnect.yaml in `c:\\Users\\Adryan\\Adryan\\UFOP\\ES1\\Conecta-UFOP\\dataconnect`\n"}}
[debug] [2026-02-18T04:12:59.501Z] E0218 01:12:59.500868   38748 watch.go:40] Failed to load config from "c:\\Users\\Adryan\\Adryan\\UFOP\\ES1\\Conecta-UFOP\\dataconnect": could not find dataconnect.yaml in `c:\Users\Adryan\Adryan\UFOP\ES1\Conecta-UFOP\dataconnect`
 {"metadata":{"emulator":{"name":"dataconnect"},"message":"E0218 01:12:59.500868   38748 watch.go:40] Failed to load config from \"c:\\\\Users\\\\Adryan\\\\Adryan\\\\UFOP\\\\ES1\\\\Conecta-UFOP\\\\dataconnect\": could not find dataconnect.yaml in `c:\\Users\\Adryan\\Adryan\\UFOP\\ES1\\Conecta-UFOP\\dataconnect`\n"}}
[debug] [2026-02-18T04:13:09.501Z] E0218 01:13:09.500808   38748 watch.go:40] Failed to load config from "c:\\Users\\Adryan\\Adryan\\UFOP\\ES1\\Conecta-UFOP\\dataconnect": could not find dataconnect.yaml in `c:\Users\Adryan\Adryan\UFOP\ES1\Conecta-UFOP\dataconnect`
 {"metadata":{"emulator":{"name":"dataconnect"},"message":"E0218 01:13:09.500808   38748 watch.go:40] Failed to load config from \"c:\\\\Users\\\\Adryan\\\\Adryan\\\\UFOP\\\\ES1\\\\Conecta-UFOP\\\\dataconnect\": could not find dataconnect.yaml in `c:\\Users\\Adryan\\Adryan\\UFOP\\ES1\\Conecta-UFOP\\dataconnect`\n"}}
[debug] [2026-02-18T04:13:19.501Z] E0218 01:13:19.501010   38748 watch.go:40] Failed to load config from "c:\\Users\\Adryan\\Adryan\\UFOP\\ES1\\Conecta-UFOP\\dataconnect": could not find dataconnect.yaml in `c:\Users\Adryan\Adryan\UFOP\ES1\Conecta-UFOP\dataconnect`
 {"metadata":{"emulator":{"name":"dataconnect"},"message":"E0218 01:13:19.501010   38748 watch.go:40] Failed to load config from \"c:\\\\Users\\\\Adryan\\\\Adryan\\\\UFOP\\\\ES1\\\\Conecta-UFOP\\\\dataconnect\": could not find dataconnect.yaml in `c:\\Users\\Adryan\\Adryan\\UFOP\\ES1\\Conecta-UFOP\\dataconnect`\n"}}
[debug] [2026-02-18T04:13:29.501Z] E0218 01:13:29.501154   38748 watch.go:40] Failed to load config from "c:\\Users\\Adryan\\Adryan\\UFOP\\ES1\\Conecta-UFOP\\dataconnect": could not find dataconnect.yaml in `c:\Users\Adryan\Adryan\UFOP\ES1\Conecta-UFOP\dataconnect`
 {"metadata":{"emulator":{"name":"dataconnect"},"message":"E0218 01:13:29.501154   38748 watch.go:40] Failed to load config from \"c:\\\\Users\\\\Adryan\\\\Adryan\\\\UFOP\\\\ES1\\\\Conecta-UFOP\\\\dataconnect\": could not find dataconnect.yaml in `c:\\Users\\Adryan\\Adryan\\UFOP\\ES1\\Conecta-UFOP\\dataconnect`\n"}}
[debug] [2026-02-18T04:13:39.501Z] E0218 01:13:39.500855   38748 watch.go:116] watchAllDir unable to walk dir `c:\Users\Adryan\Adryan\UFOP\ES1\Conecta-UFOP\dataconnect`: CreateFile c:\Users\Adryan\Adryan\UFOP\ES1\Conecta-UFOP\dataconnect: O sistema não pode encontrar o arquivo especificado.
 {"metadata":{"emulator":{"name":"dataconnect"},"message":"E0218 01:13:39.500855   38748 watch.go:116] watchAllDir unable to walk dir `c:\\Users\\Adryan\\Adryan\\UFOP\\ES1\\Conecta-UFOP\\dataconnect`: CreateFile c:\\Users\\Adryan\\Adryan\\UFOP\\ES1\\Conecta-UFOP\\dataconnect: O sistema não pode encontrar o arquivo especificado.\n"}}
[debug] [2026-02-18T04:13:39.501Z] E0218 01:13:39.500855   38748 watch.go:40] Failed to load config from "c:\\Users\\Adryan\\Adryan\\UFOP\\ES1\\Conecta-UFOP\\dataconnect": could not find dataconnect.yaml in `c:\Users\Adryan\Adryan\UFOP\ES1\Conecta-UFOP\dataconnect`
 {"metadata":{"emulator":{"name":"dataconnect"},"message":"E0218 01:13:39.500855   38748 watch.go:40] Failed to load config from \"c:\\\\Users\\\\Adryan\\\\Adryan\\\\UFOP\\\\ES1\\\\Conecta-UFOP\\\\dataconnect\": could not find dataconnect.yaml in `c:\\Users\\Adryan\\Adryan\\UFOP\\ES1\\Conecta-UFOP\\dataconnect`\n"}}
[debug] [2026-02-18T04:13:49.501Z] E0218 01:13:49.501332   38748 watch.go:40] Failed to load config from "c:\\Users\\Adryan\\Adryan\\UFOP\\ES1\\Conecta-UFOP\\dataconnect": could not find dataconnect.yaml in `c:\Users\Adryan\Adryan\UFOP\ES1\Conecta-UFOP\dataconnect`
 {"metadata":{"emulator":{"name":"dataconnect"},"message":"E0218 01:13:49.501332   38748 watch.go:40] Failed to load config from \"c:\\\\Users\\\\Adryan\\\\Adryan\\\\UFOP\\\\ES1\\\\Conecta-UFOP\\\\dataconnect\": could not find dataconnect.yaml in `c:\\Users\\Adryan\\Adryan\\UFOP\\ES1\\Conecta-UFOP\\dataconnect`\n"}}
[debug] [2026-02-18T04:13:59.501Z] E0218 01:13:59.501104   38748 watch.go:40] Failed to load config from "c:\\Users\\Adryan\\Adryan\\UFOP\\ES1\\Conecta-UFOP\\dataconnect": could not find dataconnect.yaml in `c:\Users\Adryan\Adryan\UFOP\ES1\Conecta-UFOP\dataconnect`
 {"metadata":{"emulator":{"name":"dataconnect"},"message":"E0218 01:13:59.501104   38748 watch.go:40] Failed to load config from \"c:\\\\Users\\\\Adryan\\\\Adryan\\\\UFOP\\\\ES1\\\\Conecta-UFOP\\\\dataconnect\": could not find dataconnect.yaml in `c:\\Users\\Adryan\\Adryan\\UFOP\\ES1\\Conecta-UFOP\\dataconnect`\n"}}
[debug] [2026-02-18T04:14:09.501Z] E0218 01:14:09.501117   38748 watch.go:40] Failed to load config from "c:\\Users\\Adryan\\Adryan\\UFOP\\ES1\\Conecta-UFOP\\dataconnect": could not find dataconnect.yaml in `c:\Users\Adryan\Adryan\UFOP\ES1\Conecta-UFOP\dataconnect`
 {"metadata":{"emulator":{"name":"dataconnect"},"message":"E0218 01:14:09.501117   38748 watch.go:40] Failed to load config from \"c:\\\\Users\\\\Adryan\\\\Adryan\\\\UFOP\\\\ES1\\\\Conecta-UFOP\\\\dataconnect\": could not find dataconnect.yaml in `c:\\Users\\Adryan\\Adryan\\UFOP\\ES1\\Conecta-UFOP\\dataconnect`\n"}}
[debug] [2026-02-18T04:14:19.501Z] E0218 01:14:19.500897   38748 watch.go:40] Failed to load config from "c:\\Users\\Adryan\\Adryan\\UFOP\\ES1\\Conecta-UFOP\\dataconnect": could not find dataconnect.yaml in `c:\Users\Adryan\Adryan\UFOP\ES1\Conecta-UFOP\dataconnect`
 {"metadata":{"emulator":{"name":"dataconnect"},"message":"E0218 01:14:19.500897   38748 watch.go:40] Failed to load config from \"c:\\\\Users\\\\Adryan\\\\Adryan\\\\UFOP\\\\ES1\\\\Conecta-UFOP\\\\dataconnect\": could not find dataconnect.yaml in `c:\\Users\\Adryan\\Adryan\\UFOP\\ES1\\Conecta-UFOP\\dataconnect`\n"}}
[debug] [2026-02-18T04:14:29.501Z] E0218 01:14:29.500842   38748 watch.go:40] Failed to load config from "c:\\Users\\Adryan\\Adryan\\UFOP\\ES1\\Conecta-UFOP\\dataconnect": could not find dataconnect.yaml in `c:\Users\Adryan\Adryan\UFOP\ES1\Conecta-UFOP\dataconnect`
 {"metadata":{"emulator":{"name":"dataconnect"},"message":"E0218 01:14:29.500842   38748 watch.go:40] Failed to load config from \"c:\\\\Users\\\\Adryan\\\\Adryan\\\\UFOP\\\\ES1\\\\Conecta-UFOP\\\\dataconnect\": could not find dataconnect.yaml in `c:\\Users\\Adryan\\Adryan\\UFOP\\ES1\\Conecta-UFOP\\dataconnect`\n"}}
[debug] [2026-02-18T04:14:39.501Z] E0218 01:14:39.500837   38748 watch.go:116] watchAllDir unable to walk dir `c:\Users\Adryan\Adryan\UFOP\ES1\Conecta-UFOP\dataconnect`: CreateFile c:\Users\Adryan\Adryan\UFOP\ES1\Conecta-UFOP\dataconnect: O sistema não pode encontrar o arquivo especificado.
E0218 01:14:39.500837   38748 watch.go:40] Failed to load config from "c:\\Users\\Adryan\\Adryan\\UFOP\\ES1\\Conecta-UFOP\\dataconnect": could not find dataconnect.yaml in `c:\Users\Adryan\Adryan\UFOP\ES1\Conecta-UFOP\dataconnect`
 {"metadata":{"emulator":{"name":"dataconnect"},"message":"E0218 01:14:39.500837   38748 watch.go:116] watchAllDir unable to walk dir `c:\\Users\\Adryan\\Adryan\\UFOP\\ES1\\Conecta-UFOP\\dataconnect`: CreateFile c:\\Users\\Adryan\\Adryan\\UFOP\\ES1\\Conecta-UFOP\\dataconnect: O sistema não pode encontrar o arquivo especificado.\nE0218 01:14:39.500837   38748 watch.go:40] Failed to load config from \"c:\\\\Users\\\\Adryan\\\\Adryan\\\\UFOP\\\\ES1\\\\Conecta-UFOP\\\\dataconnect\": could not find dataconnect.yaml in `c:\\Users\\Adryan\\Adryan\\UFOP\\ES1\\Conecta-UFOP\\dataconnect`\n"}}
[debug] [2026-02-18T04:14:49.501Z] E0218 01:14:49.501437   38748 watch.go:40] Failed to load config from "c:\\Users\\Adryan\\Adryan\\UFOP\\ES1\\Conecta-UFOP\\dataconnect": could not find dataconnect.yaml in `c:\Users\Adryan\Adryan\UFOP\ES1\Conecta-UFOP\dataconnect`
 {"metadata":{"emulator":{"name":"dataconnect"},"message":"E0218 01:14:49.501437   38748 watch.go:40] Failed to load config from \"c:\\\\Users\\\\Adryan\\\\Adryan\\\\UFOP\\\\ES1\\\\Conecta-UFOP\\\\dataconnect\": could not find dataconnect.yaml in `c:\\Users\\Adryan\\Adryan\\UFOP\\ES1\\Conecta-UFOP\\dataconnect`\n"}}
[debug] [2026-02-18T04:14:59.501Z] E0218 01:14:59.501107   38748 watch.go:40] Failed to load config from "c:\\Users\\Adryan\\Adryan\\UFOP\\ES1\\Conecta-UFOP\\dataconnect": could not find dataconnect.yaml in `c:\Users\Adryan\Adryan\UFOP\ES1\Conecta-UFOP\dataconnect`
 {"metadata":{"emulator":{"name":"dataconnect"},"message":"E0218 01:14:59.501107   38748 watch.go:40] Failed to load config from \"c:\\\\Users\\\\Adryan\\\\Adryan\\\\UFOP\\\\ES1\\\\Conecta-UFOP\\\\dataconnect\": could not find dataconnect.yaml in `c:\\Users\\Adryan\\Adryan\\UFOP\\ES1\\Conecta-UFOP\\dataconnect`\n"}}
[debug] [2026-02-18T04:15:09.501Z] E0218 01:15:09.500908   38748 watch.go:40] Failed to load config from "c:\\Users\\Adryan\\Adryan\\UFOP\\ES1\\Conecta-UFOP\\dataconnect": could not find dataconnect.yaml in `c:\Users\Adryan\Adryan\UFOP\ES1\Conecta-UFOP\dataconnect`
 {"metadata":{"emulator":{"name":"dataconnect"},"message":"E0218 01:15:09.500908   38748 watch.go:40] Failed to load config from \"c:\\\\Users\\\\Adryan\\\\Adryan\\\\UFOP\\\\ES1\\\\Conecta-UFOP\\\\dataconnect\": could not find dataconnect.yaml in `c:\\Users\\Adryan\\Adryan\\UFOP\\ES1\\Conecta-UFOP\\dataconnect`\n"}}
[debug] [2026-02-18T04:15:19.501Z] E0218 01:15:19.500908   38748 watch.go:40] Failed to load config from "c:\\Users\\Adryan\\Adryan\\UFOP\\ES1\\Conecta-UFOP\\dataconnect": could not find dataconnect.yaml in `c:\Users\Adryan\Adryan\UFOP\ES1\Conecta-UFOP\dataconnect`
 {"metadata":{"emulator":{"name":"dataconnect"},"message":"E0218 01:15:19.500908   38748 watch.go:40] Failed to load config from \"c:\\\\Users\\\\Adryan\\\\Adryan\\\\UFOP\\\\ES1\\\\Conecta-UFOP\\\\dataconnect\": could not find dataconnect.yaml in `c:\\Users\\Adryan\\Adryan\\UFOP\\ES1\\Conecta-UFOP\\dataconnect`\n"}}
[debug] [2026-02-18T04:15:29.501Z] E0218 01:15:29.501309   38748 watch.go:40] Failed to load config from "c:\\Users\\Adryan\\Adryan\\UFOP\\ES1\\Conecta-UFOP\\dataconnect": could not find dataconnect.yaml in `c:\Users\Adryan\Adryan\UFOP\ES1\Conecta-UFOP\dataconnect`
 {"metadata":{"emulator":{"name":"dataconnect"},"message":"E0218 01:15:29.501309   38748 watch.go:40] Failed to load config from \"c:\\\\Users\\\\Adryan\\\\Adryan\\\\UFOP\\\\ES1\\\\Conecta-UFOP\\\\dataconnect\": could not find dataconnect.yaml in `c:\\Users\\Adryan\\Adryan\\UFOP\\ES1\\Conecta-UFOP\\dataconnect`\n"}}
[debug] [2026-02-18T04:15:39.501Z] E0218 01:15:39.501069   38748 watch.go:116] watchAllDir unable to walk dir `c:\Users\Adryan\Adryan\UFOP\ES1\Conecta-UFOP\dataconnect`: CreateFile c:\Users\Adryan\Adryan\UFOP\ES1\Conecta-UFOP\dataconnect: O sistema não pode encontrar o arquivo especificado.
 {"metadata":{"emulator":{"name":"dataconnect"},"message":"E0218 01:15:39.501069   38748 watch.go:116] watchAllDir unable to walk dir `c:\\Users\\Adryan\\Adryan\\UFOP\\ES1\\Conecta-UFOP\\dataconnect`: CreateFile c:\\Users\\Adryan\\Adryan\\UFOP\\ES1\\Conecta-UFOP\\dataconnect: O sistema não pode encontrar o arquivo especificado.\n"}}
[debug] [2026-02-18T04:15:39.501Z] E0218 01:15:39.501069   38748 watch.go:40] Failed to load config from "c:\\Users\\Adryan\\Adryan\\UFOP\\ES1\\Conecta-UFOP\\dataconnect": could not find dataconnect.yaml in `c:\Users\Adryan\Adryan\UFOP\ES1\Conecta-UFOP\dataconnect`
 {"metadata":{"emulator":{"name":"dataconnect"},"message":"E0218 01:15:39.501069   38748 watch.go:40] Failed to load config from \"c:\\\\Users\\\\Adryan\\\\Adryan\\\\UFOP\\\\ES1\\\\Conecta-UFOP\\\\dataconnect\": could not find dataconnect.yaml in `c:\\Users\\Adryan\\Adryan\\UFOP\\ES1\\Conecta-UFOP\\dataconnect`\n"}}
[debug] [2026-02-18T04:15:49.501Z] E0218 01:15:49.501547   38748 watch.go:40] Failed to load config from "c:\\Users\\Adryan\\Adryan\\UFOP\\ES1\\Conecta-UFOP\\dataconnect": could not find dataconnect.yaml in `c:\Users\Adryan\Adryan\UFOP\ES1\Conecta-UFOP\dataconnect`
 {"metadata":{"emulator":{"name":"dataconnect"},"message":"E0218 01:15:49.501547   38748 watch.go:40] Failed to load config from \"c:\\\\Users\\\\Adryan\\\\Adryan\\\\UFOP\\\\ES1\\\\Conecta-UFOP\\\\dataconnect\": could not find dataconnect.yaml in `c:\\Users\\Adryan\\Adryan\\UFOP\\ES1\\Conecta-UFOP\\dataconnect`\n"}}
[debug] [2026-02-18T04:15:59.501Z] E0218 01:15:59.501224   38748 watch.go:40] Failed to load config from "c:\\Users\\Adryan\\Adryan\\UFOP\\ES1\\Conecta-UFOP\\dataconnect": could not find dataconnect.yaml in `c:\Users\Adryan\Adryan\UFOP\ES1\Conecta-UFOP\dataconnect`
 {"metadata":{"emulator":{"name":"dataconnect"},"message":"E0218 01:15:59.501224   38748 watch.go:40] Failed to load config from \"c:\\\\Users\\\\Adryan\\\\Adryan\\\\UFOP\\\\ES1\\\\Conecta-UFOP\\\\dataconnect\": could not find dataconnect.yaml in `c:\\Users\\Adryan\\Adryan\\UFOP\\ES1\\Conecta-UFOP\\dataconnect`\n"}}
[debug] [2026-02-18T04:16:09.501Z] E0218 01:16:09.501068   38748 watch.go:40] Failed to load config from "c:\\Users\\Adryan\\Adryan\\UFOP\\ES1\\Conecta-UFOP\\dataconnect": could not find dataconnect.yaml in `c:\Users\Adryan\Adryan\UFOP\ES1\Conecta-UFOP\dataconnect`
 {"metadata":{"emulator":{"name":"dataconnect"},"message":"E0218 01:16:09.501068   38748 watch.go:40] Failed to load config from \"c:\\\\Users\\\\Adryan\\\\Adryan\\\\UFOP\\\\ES1\\\\Conecta-UFOP\\\\dataconnect\": could not find dataconnect.yaml in `c:\\Users\\Adryan\\Adryan\\UFOP\\ES1\\Conecta-UFOP\\dataconnect`\n"}}
[debug] [2026-02-18T04:16:19.501Z] E0218 01:16:19.500965   38748 watch.go:40] Failed to load config from "c:\\Users\\Adryan\\Adryan\\UFOP\\ES1\\Conecta-UFOP\\dataconnect": could not find dataconnect.yaml in `c:\Users\Adryan\Adryan\UFOP\ES1\Conecta-UFOP\dataconnect`
 {"metadata":{"emulator":{"name":"dataconnect"},"message":"E0218 01:16:19.500965   38748 watch.go:40] Failed to load config from \"c:\\\\Users\\\\Adryan\\\\Adryan\\\\UFOP\\\\ES1\\\\Conecta-UFOP\\\\dataconnect\": could not find dataconnect.yaml in `c:\\Users\\Adryan\\Adryan\\UFOP\\ES1\\Conecta-UFOP\\dataconnect`\n"}}
